Source,Target,Type,Weight,npmi
hollerith,infraestrutura,Undirected,3.00,-0.0212
hollerith,maquina,Undirected,44.00,0.4670
hollerith,descrever,Undirected,3.00,0.1126
hollerith,ator,Undirected,2.00,-0.0665
hollerith,cartoes,Undirected,9.00,0.2805
hollerith,seculo,Undirected,5.00,0.2012
hollerith,secao,Undirected,5.00,0.2046
hollerith,rede,Undirected,13.00,0.1074
hollerith,pergunta,Undirected,7.00,0.1329
hollerith,trajetoria,Undirected,10.00,0.1834
hollerith,mostra,Undirected,3.00,0.1242
hollerith,entrevistas,Undirected,2.00,0.0494
hollerith,registros,Undirected,3.00,0.0442
hollerith,mundo,Undirected,3.00,0.1458
hollerith,censo,Undirected,8.00,0.2676
hollerith,partir,Undirected,6.00,0.1254
hollerith,tabulacao,Undirected,36.00,0.4916
hollerith,empresa,Undirected,11.00,0.1832
hollerith,inteligencia,Undirected,2.00,-0.0282
hollerith,questao,Undirected,2.00,0.0740
hollerith,movimento,Undirected,3.00,0.1227
hollerith,relacao,Undirected,5.00,0.1930
hollerith,vida,Undirected,3.00,0.1257
hollerith,sistemas,Undirected,4.00,0.1253
hollerith,lado,Undirected,3.00,0.1154
hollerith,watson,Undirected,11.00,0.3088
hollerith,modelo,Undirected,3.00,-0.0445
hollerith,negocio,Undirected,2.00,0.0529
hollerith,grupos,Undirected,2.00,0.0578
hollerith,corporacao,Undirected,6.00,-0.0049
hollerith,sistema,Undirected,17.00,0.3121
hollerith,historia,Undirected,3.00,0.0774
hollerith,tecnica,Undirected,5.00,0.1659
hollerith,comercial,Undirected,3.00,0.1183
hollerith,arranjo,Undirected,2.00,-0.0898
hollerith,pratica,Undirected,2.00,0.0312
hollerith,descrevo,Undirected,2.00,0.0437
hollerith,dependencia,Undirected,2.00,0.0236
hollerith,computacao,Undirected,5.00,0.1346
hollerith,governo,Undirected,2.00,0.0929
hollerith,tecnicas,Undirected,2.00,0.0683
hollerith,momento,Undirected,2.00,0.1000
hollerith,translacao,Undirected,3.00,0.1021
hollerith,global,Undirected,5.00,0.1766
hollerith,tecnologia,Undirected,2.00,-0.0908
hollerith,ecossistemas,Undirected,2.00,0.0862
estrategico,relacao,Undirected,2.00,0.1912
estrategico,corporacao,Undirected,3.00,0.0398
estrategico,valor,Undirected,4.00,0.2528
estrategico,recursos,Undirected,5.00,0.2237
estrategico,resposta,Undirected,3.00,0.2613
estrategico,documentos,Undirected,3.00,0.2757
estrategico,modelo,Undirected,3.00,0.0798
estrategico,cientifico,Undirected,3.00,0.1280
estrategico,dependencia,Undirected,2.00,0.1424
estrategico,fabio,Undirected,2.00,0.0602
estrategico,laboratorio,Undirected,2.00,0.0555
estrategico,secao,Undirected,2.00,0.2018
estrategico,descricao,Undirected,2.00,0.1817
projetos,dinheiro,Undirected,4.00,0.2365
projetos,centro,Undirected,7.00,0.1036
projetos,conhecimento,Undirected,2.00,0.1052
projetos,fontes,Undirected,6.00,0.3172
projetos,saude,Undirected,11.00,0.3717
projetos,financiamento,Undirected,7.00,0.2519
projetos,fabio,Undirected,11.00,0.2550
projetos,verbal,Undirected,4.00,0.2191
projetos,historica,Undirected,2.00,0.1260
projetos,pesquisador,Undirected,2.00,0.0451
projetos,estrategia,Undirected,5.00,0.2811
projetos,translacao,Undirected,2.00,0.1307
projetos,pesquisa,Undirected,4.00,0.0033
projetos,conjunto,Undirected,3.00,0.2118
projetos,acordo,Undirected,2.00,0.1272
projetos,gente,Undirected,3.00,0.1717
projetos,global,Undirected,2.00,0.1356
projetos,recursos,Undirected,5.00,0.1782
projetos,fapesp,Undirected,3.00,0.0963
projetos,vinculo,Undirected,2.00,0.1577
projetos,informacao,Undirected,2.00,0.1014
projetos,periodo,Undirected,2.00,0.1707
encerramento,empresa,Undirected,2.00,-0.0041
encerramento,brasil,Undirected,6.00,0.1165
encerramento,multiplicacao,Undirected,4.00,0.2212
encerramento,instituicao,Undirected,9.00,0.1386
encerramento,dezembro,Undirected,34.00,0.5167
encerramento,acordo,Undirected,2.00,0.0844
encerramento,arranjo,Undirected,34.00,0.3742
encerramento,fechamento,Undirected,3.00,0.1807
encerramento,laboratorio,Undirected,12.00,0.2108
encerramento,novembro,Undirected,3.00,0.1737
encerramento,pesquisa,Undirected,8.00,0.0433
encerramento,lado,Undirected,2.00,0.1006
encerramento,analise,Undirected,2.00,0.0355
encerramento,brasileiro,Undirected,3.00,0.1608
encerramento,bluetalks,Undirected,4.00,0.1348
encerramento,saude,Undirected,2.00,0.0713
encerramento,dado,Undirected,6.00,0.1224
encerramento,vinculo,Undirected,3.00,0.1671
encerramento,parceria,Undirected,2.00,0.1149
encerramento,fapesp,Undirected,6.00,0.1430
encerramento,informacao,Undirected,2.00,0.0587
encerramento,verbal,Undirected,3.00,0.1339
encerramento,resposta,Undirected,5.00,0.2472
encerramento,recursos,Undirected,3.00,0.0640
encerramento,centro,Undirected,6.00,0.0336
encerramento,aberto,Undirected,3.00,0.1339
encerramento,tornou,Undirected,3.00,0.1439
encerramento,parte,Undirected,2.00,0.0146
encerramento,torna,Undirected,3.00,0.1161
encerramento,elaboracao,Undirected,3.00,0.1737
encerramento,partir,Undirected,2.00,0.0242
encerramento,disponivel,Undirected,3.00,0.1737
encerramento,plano,Undirected,2.00,0.1006
encerramento,questao,Undirected,3.00,0.1608
encerramento,pesquisador,Undirected,3.00,0.0492
encerramento,registros,Undirected,3.00,0.0809
encerramento,termos,Undirected,3.00,0.1671
associacao,tecnociencia,Undirected,4.00,0.1845
associacao,seguir,Undirected,17.00,0.2640
associacao,fabio,Undirected,7.00,0.1221
associacao,claudio,Undirected,8.00,0.0440
associacao,seculo,Undirected,3.00,0.1574
associacao,descrevo,Undirected,4.00,0.1579
associacao,rede,Undirected,18.00,0.1938
associacao,unico,Undirected,2.00,0.1187
associacao,ator,Undirected,6.00,0.0913
associacao,etnografia,Undirected,4.00,0.0511
associacao,codigo,Undirected,3.00,0.0610
associacao,aberto,Undirected,7.00,0.1946
associacao,questao,Undirected,3.00,0.0997
associacao,escolha,Undirected,2.00,0.1187
associacao,bluetalks,Undirected,3.00,0.0875
associacao,descreve,Undirected,4.00,0.1628
associacao,passagem,Undirected,3.00,0.1342
associacao,actante,Undirected,3.00,0.0994
associacao,parte,Undirected,5.00,0.1182
associacao,cadeias,Undirected,3.00,0.1512
associacao,pesquisador,Undirected,3.00,0.0395
associacao,condicao,Undirected,2.00,0.0941
associacao,cadeia,Undirected,6.00,0.2328
associacao,trajetoria,Undirected,3.00,0.0461
associacao,maquina,Undirected,3.00,0.0395
associacao,tabulacao,Undirected,2.00,0.0423
associacao,partir,Undirected,5.00,0.1290
associacao,movimento,Undirected,2.00,0.0983
associacao,plano,Undirected,2.00,0.0913
associacao,mulheres,Undirected,3.00,0.1710
associacao,computacional,Undirected,3.00,0.1291
associacao,material,Undirected,3.00,0.1064
seculo,trajetoria,Undirected,8.00,0.3029
seculo,seguir,Undirected,6.00,0.2179
seculo,cadeia,Undirected,2.00,0.1881
seculo,tecnociencia,Undirected,6.00,0.3637
seculo,objeto,Undirected,2.00,0.1933
seculo,historia,Undirected,2.00,0.1596
seculo,pesquisa,Undirected,2.00,-0.0208
seculo,maquina,Undirected,2.00,0.0977
seculo,tabulacao,Undirected,6.00,0.3048
seculo,pergunta,Undirected,2.00,0.1069
seculo,modelo,Undirected,2.00,0.0432
seculo,negocio,Undirected,3.00,0.2386
seculo,logica,Undirected,3.00,0.2491
seculo,fabio,Undirected,2.00,0.0718
seculo,claudio,Undirected,4.00,0.0875
seculo,resposta,Undirected,2.00,0.2166
seculo,sistemas,Undirected,3.00,0.2244
seculo,infraestrutura,Undirected,2.00,0.0654
seculo,censo,Undirected,3.00,0.2606
seculo,estados,Undirected,2.00,0.1881
seculo,foucault,Undirected,3.00,0.2879
seculo,computacao,Undirected,3.00,0.2042
seculo,dezembro,Undirected,2.00,0.1435
centro,pesquisador,Undirected,8.00,0.0519
centro,investimento,Undirected,8.00,0.1420
centro,claudio,Undirected,20.00,0.0693
centro,investigacao,Undirected,5.00,0.1099
centro,historica,Undirected,2.00,-0.0279
centro,pratica,Undirected,3.00,-0.0003
centro,tecnociencia,Undirected,2.00,-0.0078
centro,pesquisa,Undirected,54.00,0.2095
centro,actante,Undirected,3.00,-0.0072
centro,humano,Undirected,2.00,-0.0543
centro,sistemas,Undirected,3.00,0.0083
centro,ator,Undirected,4.00,-0.0718
centro,cientista,Undirected,2.00,0.0038
centro,analise,Undirected,4.00,0.0008
centro,publicacoes,Undirected,10.00,0.1431
centro,parceria,Undirected,8.00,0.1847
centro,evento,Undirected,4.00,0.1008
centro,universidade,Undirected,9.00,0.0581
centro,entrevistas,Undirected,5.00,0.0825
centro,fabio,Undirected,6.00,-0.0155
centro,empresas,Undirected,4.00,0.0868
centro,tecnologia,Undirected,7.00,-0.0335
centro,publico,Undirected,9.00,-0.0134
centro,parte,Undirected,9.00,0.0829
centro,arranjo,Undirected,4.00,-0.0970
centro,questao,Undirected,3.00,0.0445
centro,infraestrutura,Undirected,4.00,-0.0700
centro,vida,Undirected,3.00,0.0460
centro,fapesp,Undirected,17.00,0.1691
centro,laboratorio,Undirected,8.00,0.0158
centro,rede,Undirected,17.00,0.0506
centro,global,Undirected,3.00,0.0276
centro,porta,Undirected,5.00,0.0775
centro,voz,Undirected,6.00,0.1169
centro,dinheiro,Undirected,4.00,0.0343
centro,tornou,Undirected,7.00,0.0919
centro,financiamento,Undirected,8.00,0.0919
centro,dependencia,Undirected,3.00,-0.0082
centro,agenda,Undirected,4.00,0.1085
centro,saude,Undirected,5.00,0.0679
centro,inteligencia,Undirected,16.00,0.1619
centro,artificial,Undirected,10.00,0.0826
centro,maior,Undirected,6.00,0.1059
centro,cientifico,Undirected,14.00,0.1236
centro,instituicao,Undirected,17.00,0.0975
centro,seguir,Undirected,2.00,-0.1360
centro,multiplicacao,Undirected,14.00,0.2943
centro,corporacao,Undirected,4.00,-0.1355
centro,passagem,Undirected,2.00,-0.0183
centro,latour,Undirected,3.00,-0.0157
centro,translacao,Undirected,2.00,-0.0232
centro,ecossistemas,Undirected,2.00,0.0101
centro,partir,Undirected,3.00,-0.0442
centro,conhecimento,Undirected,4.00,0.0299
centro,campo,Undirected,2.00,-0.1088
centro,gente,Undirected,3.00,0.0105
centro,pinhanez,Undirected,2.00,-0.0368
centro,material,Undirected,2.00,-0.0449
centro,datasets,Undirected,3.00,0.0717
centro,modelo,Undirected,3.00,-0.1242
centro,producao,Undirected,12.00,0.1900
centro,registro,Undirected,5.00,0.1036
centro,historia,Undirected,2.00,-0.0469
centro,tecnica,Undirected,2.00,-0.0279
centro,comercial,Undirected,3.00,0.0386
centro,logica,Undirected,3.00,0.0329
centro,valor,Undirected,4.00,0.0072
centro,ecossistema,Undirected,5.00,-0.0316
centro,estrategia,Undirected,3.00,0.0445
centro,grupos,Undirected,4.00,0.0628
centro,entrevista,Undirected,2.00,0.0101
centro,mostra,Undirected,3.00,0.0445
centro,unico,Undirected,6.00,0.1568
centro,funcionamento,Undirected,5.00,0.0812
centro,propriedade,Undirected,2.00,-0.0036
centro,dado,Undirected,3.00,-0.0838
centro,plano,Undirected,2.00,-0.0106
centro,relatorios,Undirected,2.00,-0.0279
centro,anuais,Undirected,6.00,0.1568
centro,recursos,Undirected,5.00,0.0069
centro,trajetoria,Undirected,3.00,-0.0606
centro,descrever,Undirected,2.00,-0.0132
dinheiro,sistemas,Undirected,4.00,0.2495
dinheiro,capacidade,Undirected,2.00,0.1776
dinheiro,humano,Undirected,3.00,0.1365
dinheiro,tornou,Undirected,2.00,0.1725
dinheiro,negocio,Undirected,4.00,0.2641
dinheiro,gente,Undirected,15.00,0.4862
dinheiro,mundo,Undirected,2.00,0.2093
dinheiro,open,Undirected,6.00,0.3820
dinheiro,fapesp,Undirected,13.00,0.3180
dinheiro,informacao,Undirected,5.00,0.2661
dinheiro,propriedade,Undirected,5.00,0.2854
dinheiro,verbal,Undirected,2.00,0.1629
ciencia,tecnologia,Undirected,27.00,0.3342
ciencia,pessoas,Undirected,6.00,0.2916
ciencia,latour,Undirected,12.00,0.3194
ciencia,acao,Undirected,9.00,0.3452
ciencia,seguir,Undirected,5.00,0.0928
ciencia,cientista,Undirected,2.00,0.1223
ciencia,escala,Undirected,2.00,0.0697
ciencia,mundo,Undirected,3.00,0.1902
ciencia,gesto,Undirected,3.00,0.1780
ciencia,dado,Undirected,10.00,0.2081
ciencia,fontes,Undirected,2.00,0.1223
ciencia,estatistica,Undirected,6.00,0.2369
ciencia,conhecimento,Undirected,2.00,0.0697
ciencia,pratica,Undirected,5.00,0.1942
ciencia,cientifico,Undirected,2.00,0.0012
ciencia,pesquisa,Undirected,7.00,0.0340
ciencia,fato,Undirected,2.00,0.1352
ciencia,resposta,Undirected,3.00,0.1813
ciencia,laboratorio,Undirected,10.00,0.1902
ciencia,maior,Undirected,4.00,0.1808
ciencia,relacao,Undirected,2.00,0.1149
ciencia,pesquisador,Undirected,3.00,0.0569
ciencia,tecnicas,Undirected,2.00,0.1107
ciencia,corporacao,Undirected,2.00,-0.0830
ciencia,inovacao,Undirected,2.00,0.0589
ciencia,etnografia,Undirected,4.00,0.1051
ciencia,computacao,Undirected,3.00,0.1121
historia,computacao,Undirected,6.00,0.2232
historia,conta,Undirected,3.00,0.1961
historia,maquina,Undirected,2.00,0.0470
historia,inteligencia,Undirected,2.00,0.0515
historia,artificial,Undirected,3.00,0.0954
historia,estatistica,Undirected,2.00,0.1245
historia,etnografia,Undirected,3.00,0.1075
historia,trajetoria,Undirected,2.00,0.0533
historia,posicao,Undirected,2.00,0.1234
historia,investigacao,Undirected,2.00,0.1537
historia,brasil,Undirected,3.00,0.0740
historia,dado,Undirected,3.00,0.0794
historia,sistema,Undirected,6.00,0.2415
historia,tabulacao,Undirected,4.00,0.1869
historia,research,Undirected,2.00,0.1596
historia,industria,Undirected,3.00,0.2139
historia,tecnologia,Undirected,5.00,0.1000
historia,corporacao,Undirected,9.00,0.1439
historia,disponivel,Undirected,3.00,0.2204
historia,tecnica,Undirected,11.00,0.3888
historia,comercial,Undirected,4.00,0.2429
historia,descricao,Undirected,3.00,0.1961
historia,relacoes,Undirected,3.00,0.1807
historia,instituicao,Undirected,5.00,0.1063
historia,publico,Undirected,2.00,-0.0210
historia,ponto,Undirected,3.00,0.1218
historia,computacional,Undirected,2.00,0.1326
pinhanez,claudio,Undirected,30.00,0.3739
pinhanez,fabio,Undirected,5.00,0.1471
pinhanez,informacao,Undirected,51.00,0.7313
pinhanez,verbal,Undirected,36.00,0.6699
pinhanez,entrevista,Undirected,8.00,0.3881
pinhanez,cientista,Undirected,3.00,0.2244
pinhanez,resposta,Undirected,2.00,0.1760
pinhanez,pergunta,Undirected,3.00,0.1162
pinhanez,projeto,Undirected,4.00,0.2805
pinhanez,pesquisa,Undirected,3.00,-0.0174
pinhanez,sistemas,Undirected,2.00,0.1292
pinhanez,posicao,Undirected,2.00,0.1335
pinhanez,descreve,Undirected,2.00,0.1380
pinhanez,arranjo,Undirected,3.00,0.0468
pinhanez,relatorios,Undirected,2.00,0.1380
pinhanez,negocio,Undirected,2.00,0.1427
pinhanez,gente,Undirected,3.00,0.1843
pinhanez,estados,Undirected,2.00,0.1476
pinhanez,unidos,Undirected,3.00,0.2310
pinhanez,vinculo,Undirected,3.00,0.2244
cientifico,modelo,Undirected,4.00,-0.0016
cientifico,publicacoes,Undirected,12.00,0.2782
cientifico,social,Undirected,4.00,0.2010
cientifico,comercial,Undirected,4.00,0.1667
cientifico,escolha,Undirected,2.00,0.1022
cientifico,rede,Undirected,2.00,-0.1118
cientifico,tecnologia,Undirected,12.00,0.1444
cientifico,datasets,Undirected,3.00,0.1612
cientifico,instituicao,Undirected,3.00,-0.0326
cientifico,financiamento,Undirected,2.00,0.0105
cientifico,negocio,Undirected,4.00,0.1500
cientifico,sistema,Undirected,4.00,0.1052
cientifico,investigacao,Undirected,5.00,0.2049
cientifico,parceria,Undirected,2.00,0.0892
cientifico,corporacao,Undirected,4.00,-0.0430
cientifico,industria,Undirected,3.00,0.1401
cientifico,computacional,Undirected,3.00,0.1119
cientifico,tecnica,Undirected,5.00,0.1763
cientifico,empresa,Undirected,2.00,-0.0298
cientifico,pesquisa,Undirected,20.00,0.1499
cientifico,producao,Undirected,43.00,0.5719
cientifico,informacao,Undirected,2.00,0.0329
cientifico,verbal,Undirected,4.00,0.1449
cientifico,relatorios,Undirected,15.00,0.3593
cientifico,anuais,Undirected,13.00,0.3886
cientifico,logica,Undirected,2.00,0.0722
cientifico,analise,Undirected,3.00,0.0570
cientifico,grupo,Undirected,19.00,0.4242
cientifico,acesso,Undirected,4.00,0.1079
cientifico,dado,Undirected,6.00,0.0931
cientifico,laboratorio,Undirected,2.00,-0.0540
cientifico,claudio,Undirected,3.00,-0.0753
cientifico,publico,Undirected,2.00,-0.0915
corte,rede,Undirected,16.00,0.2743
corte,propriedade,Undirected,6.00,0.3378
corte,plano,Undirected,2.00,0.1689
corte,codigo,Undirected,6.00,0.2954
corte,gesto,Undirected,6.00,0.3497
corte,fabio,Undirected,4.00,0.1312
corte,descreve,Undirected,3.00,0.2054
corte,parte,Undirected,2.00,0.0829
corte,inteligencia,Undirected,2.00,0.0752
corte,artificial,Undirected,3.00,0.1202
corte,torna,Undirected,3.00,0.1876
corte,aberto,Undirected,2.00,0.1515
corte,dado,Undirected,2.00,0.0548
corte,seguir,Undirected,6.00,0.1872
corte,cadeia,Undirected,3.00,0.2154
corte,conhecimento,Undirected,3.00,0.1836
corte,etnografia,Undirected,3.00,0.1323
corte,estados,Undirected,3.00,0.2154
corte,unidos,Undirected,2.00,0.1895
corte,software,Undirected,3.00,0.2264
corte,fapesp,Undirected,2.00,0.0729
corte,condicao,Undirected,2.00,0.1716
corte,funcionamento,Undirected,3.00,0.2054
corte,porta,Undirected,2.00,0.1482
corte,descrever,Undirected,3.00,0.2208
corte,acesso,Undirected,2.00,0.1173
codigo,negocio,Undirected,5.00,0.2664
codigo,empresa,Undirected,6.00,0.1907
codigo,aberto,Undirected,48.00,0.7449
codigo,torna,Undirected,2.00,0.1169
codigo,ecossistemas,Undirected,2.00,0.1719
codigo,modelo,Undirected,11.00,0.2294
codigo,propriedade,Undirected,4.00,0.2540
codigo,plano,Undirected,3.00,0.2051
codigo,dado,Undirected,7.00,0.2032
codigo,publico,Undirected,9.00,0.1806
codigo,analise,Undirected,2.00,0.0862
codigo,parte,Undirected,2.00,0.0652
codigo,desenvolvimento,Undirected,3.00,0.2201
codigo,mundo,Undirected,2.00,0.1803
codigo,tecnica,Undirected,3.00,0.1869
codigo,open,Undirected,3.00,0.2411
codigo,servicos,Undirected,3.00,0.1983
codigo,claudio,Undirected,2.00,-0.0402
codigo,mostra,Undirected,3.00,0.2139
corporacao,fabio,Undirected,2.00,-0.1335
corporacao,claudio,Undirected,3.00,-0.1635
corporacao,inovacao,Undirected,7.00,0.0923
corporacao,trajetoria,Undirected,15.00,0.1551
corporacao,rede,Undirected,11.00,-0.0100
corporacao,bluetalks,Undirected,3.00,-0.0180
corporacao,tecnologia,Undirected,18.00,0.1007
corporacao,social,Undirected,2.00,0.0250
corporacao,relacoes,Undirected,13.00,0.2261
corporacao,instituicao,Undirected,6.00,-0.0444
corporacao,aberto,Undirected,2.00,-0.0268
corporacao,valor,Undirected,5.00,0.0716
corporacao,conhecimento,Undirected,4.00,0.0312
corporacao,universidade,Undirected,22.00,0.2013
corporacao,publico,Undirected,23.00,0.1278
corporacao,termos,Undirected,3.00,0.0519
corporacao,financiamento,Undirected,9.00,0.1103
corporacao,lado,Undirected,3.00,0.0369
corporacao,empresa,Undirected,4.00,-0.0408
corporacao,arranjo,Undirected,11.00,0.0284
corporacao,infraestrutura,Undirected,22.00,0.1690
corporacao,acesso,Undirected,3.00,-0.0171
corporacao,relacao,Undirected,4.00,0.0800
corporacao,ator,Undirected,3.00,-0.1014
corporacao,agencia,Undirected,2.00,0.0250
corporacao,estados,Undirected,2.00,-0.0172
corporacao,seguir,Undirected,3.00,-0.0944
corporacao,campo,Undirected,4.00,-0.0338
corporacao,servicos,Undirected,7.00,0.1417
corporacao,interesses,Undirected,18.00,0.3343
corporacao,multiplicacao,Undirected,2.00,0.0179
corporacao,recursos,Undirected,9.00,0.0865
corporacao,fapesp,Undirected,4.00,-0.0314
corporacao,documentos,Undirected,3.00,0.0730
corporacao,unico,Undirected,3.00,0.0655
corporacao,laboratorio,Undirected,6.00,-0.0195
corporacao,computacional,Undirected,5.00,0.0878
corporacao,plano,Undirected,6.00,0.1271
corporacao,cientista,Undirected,2.00,0.0049
corporacao,desenvolvimento,Undirected,5.00,0.1178
corporacao,pesquisa,Undirected,11.00,-0.0471
corporacao,posicao,Undirected,6.00,0.1022
corporacao,ponto,Undirected,4.00,-0.0072
corporacao,tabulacao,Undirected,2.00,-0.0585
corporacao,tecnicas,Undirected,2.00,-0.0067
corporacao,global,Undirected,10.00,0.1947
corporacao,cadeias,Undirected,4.00,0.0816
corporacao,cadeia,Undirected,3.00,0.0288
corporacao,analise,Undirected,3.00,-0.0312
corporacao,pergunta,Undirected,3.00,-0.0563
corporacao,dependencia,Undirected,5.00,0.0552
corporacao,ecossistema,Undirected,3.00,-0.0874
corporacao,contextos,Undirected,3.00,0.0519
corporacao,agenda,Undirected,5.00,0.1402
corporacao,capacidade,Undirected,3.00,0.0342
corporacao,open,Undirected,5.00,0.1402
corporacao,producao,Undirected,2.00,-0.0437
corporacao,grupo,Undirected,3.00,0.0328
corporacao,dado,Undirected,3.00,-0.0825
corporacao,deixa,Undirected,2.00,0.0049
corporacao,investimento,Undirected,10.00,0.1776
corporacao,estrategia,Undirected,5.00,0.1112
corporacao,anuais,Undirected,2.00,0.0179
corporacao,registros,Undirected,5.00,0.0262
corporacao,porta,Undirected,5.00,0.0788
corporacao,voz,Undirected,8.00,0.1600
corporacao,tornou,Undirected,2.00,-0.0172
corporacao,grupos,Undirected,3.00,0.0288
corporacao,parte,Undirected,3.00,-0.0531
material,pratica,Undirected,4.00,0.2049
material,pergunta,Undirected,3.00,0.1077
material,movimento,Undirected,2.00,0.1542
material,partir,Undirected,3.00,0.1209
material,descrevo,Undirected,3.00,0.1780
material,base,Undirected,3.00,0.2295
material,modelo,Undirected,3.00,0.0410
material,maquina,Undirected,5.00,0.1668
material,industria,Undirected,2.00,0.1616
material,cartoes,Undirected,9.00,0.3784
material,dependencia,Undirected,8.00,0.3046
material,plano,Undirected,6.00,0.2421
material,ponto,Undirected,2.00,0.0736
material,infraestrutura,Undirected,7.00,0.1796
material,global,Undirected,2.00,0.1395
material,capacidade,Undirected,6.00,0.3022
material,fontes,Undirected,2.00,0.1616
material,instituicao,Undirected,4.00,0.0789
material,valor,Undirected,2.00,0.1200
material,pesquisa,Undirected,2.00,-0.0695
material,publico,Undirected,3.00,0.0268
material,periodo,Undirected,2.00,0.1745
permanece,vida,Undirected,2.00,0.2258
permanece,historica,Undirected,2.00,0.1986
permanece,universidade,Undirected,2.00,0.1093
permanece,lado,Undirected,2.00,0.2160
permanece,analise,Undirected,3.00,0.2048
permanece,maior,Undirected,3.00,0.2547
permanece,parte,Undirected,2.00,0.1300
permanece,escala,Undirected,4.00,0.2752
permanece,infraestrutura,Undirected,6.00,0.2350
permanece,questao,Undirected,3.00,0.2817
permanece,pergunta,Undirected,2.00,0.1270
permanece,ecossistema,Undirected,3.00,0.1485
permanece,estrategia,Undirected,2.00,0.2244
permanece,registro,Undirected,2.00,0.2187
grupo,pesquisa,Undirected,32.00,0.3837
grupo,parte,Undirected,3.00,0.1427
grupo,fontes,Undirected,2.00,0.1920
grupo,gente,Undirected,3.00,0.2075
grupo,vinculo,Undirected,3.00,0.2477
grupo,obia,Undirected,6.00,0.3633
grupo,producao,Undirected,14.00,0.4553
grupo,elaboracao,Undirected,4.00,0.2974
grupo,dezembro,Undirected,2.00,0.1252
grupo,torna,Undirected,6.00,0.3007
grupo,publicacoes,Undirected,3.00,0.1813
grupo,maior,Undirected,3.00,0.1603
grupo,claudio,Undirected,2.00,-0.0138
grupo,unico,Undirected,6.00,0.3709
grupo,brasil,Undirected,7.00,0.2042
grupo,industria,Undirected,3.00,0.2477
grupo,saude,Undirected,3.00,0.2020
descrevo,campo,Undirected,3.00,0.1111
descrevo,rede,Undirected,11.00,0.1982
descrevo,infraestrutura,Undirected,4.00,0.1143
descrevo,seguir,Undirected,7.00,0.1999
descrevo,entrevistas,Undirected,3.00,0.1970
descrevo,partir,Undirected,4.00,0.1729
descrevo,ponto,Undirected,4.00,0.1759
descrevo,passagem,Undirected,2.00,0.1519
descrevo,maquina,Undirected,3.00,0.1111
descrevo,humano,Undirected,2.00,0.1159
descrevo,ator,Undirected,2.00,0.0276
descrevo,parte,Undirected,4.00,0.1625
descrevo,posicao,Undirected,6.00,0.2946
descrevo,etnografia,Undirected,2.00,0.0725
descrevo,porta,Undirected,2.00,0.1390
descrevo,fabio,Undirected,2.00,0.0356
descrevo,pesquisa,Undirected,2.00,-0.0570
descrevo,condicao,Undirected,2.00,0.1624
descrevo,funcionamento,Undirected,3.00,0.1958
descrevo,watson,Undirected,3.00,0.2112
descrevo,secao,Undirected,9.00,0.3894
descrevo,momentos,Undirected,3.00,0.2356
descrevo,analise,Undirected,2.00,0.0947
descrevo,trajetoria,Undirected,2.00,0.0677
descrevo,instituicao,Undirected,3.00,0.0562
descrevo,dado,Undirected,3.00,0.0945
gente,maquina,Undirected,2.00,0.0593
gente,fabio,Undirected,5.00,0.1189
gente,fontes,Undirected,2.00,0.1719
gente,negocio,Undirected,7.00,0.3282
gente,claudio,Undirected,2.00,-0.0339
gente,descreve,Undirected,3.00,0.1935
gente,brasil,Undirected,6.00,0.1813
gente,recursos,Undirected,6.00,0.2212
gente,fapesp,Undirected,5.00,0.1807
gente,pesquisa,Undirected,4.00,0.0186
gente,projeto,Undirected,4.00,0.2828
gente,software,Undirected,2.00,0.1603
gente,informacao,Undirected,2.00,0.1156
gente,laboratorio,Undirected,7.00,0.1704
gente,parceria,Undirected,3.00,0.1719
gente,obia,Undirected,5.00,0.2333
gente,parte,Undirected,3.00,0.0715
gente,interesses,Undirected,3.00,0.2333
pesquisador,investimento,Undirected,2.00,0.0615
pesquisador,posicao,Undirected,3.00,0.1111
pesquisador,pratica,Undirected,2.00,0.0490
pesquisador,universidade,Undirected,2.00,-0.0234
pesquisador,publico,Undirected,9.00,0.0992
pesquisador,infraestrutura,Undirected,7.00,0.1055
pesquisador,rede,Undirected,5.00,-0.0026
pesquisador,modelo,Undirected,5.00,0.0351
pesquisador,claudio,Undirected,2.00,-0.1081
pesquisador,campo,Undirected,4.00,0.0666
pesquisador,agencia,Undirected,7.00,0.2968
pesquisador,acesso,Undirected,7.00,0.1970
pesquisador,grupos,Undirected,3.00,0.1259
pesquisador,recursos,Undirected,2.00,-0.0008
pesquisador,financiamento,Undirected,2.00,0.0190
pesquisador,datasets,Undirected,3.00,0.1700
pesquisador,pesquisa,Undirected,7.00,0.0054
pesquisador,funcionamento,Undirected,2.00,0.0660
pesquisador,instituicao,Undirected,5.00,0.0374
pesquisador,registro,Undirected,3.00,0.1369
pesquisador,descreve,Undirected,2.00,0.0660
pesquisador,capacidade,Undirected,3.00,0.1312
pesquisador,unico,Undirected,2.00,0.1107
pesquisador,laboratorio,Undirected,6.00,0.0860
pesquisador,bluetalks,Undirected,2.00,0.0309
pesquisador,evento,Undirected,2.00,0.1107
pesquisador,ator,Undirected,2.00,-0.0488
pesquisador,actante,Undirected,5.00,0.1594
pesquisador,etnografia,Undirected,5.00,0.1080
pesquisador,empresa,Undirected,2.00,-0.0213
pesquisador,base,Undirected,3.00,0.1626
pesquisador,dado,Undirected,3.00,0.0146
pesquisador,brasil,Undirected,4.00,0.0438
pesquisador,research,Undirected,3.00,0.1490
pesquisador,relatorios,Undirected,2.00,0.0660
pesquisador,disponivel,Undirected,3.00,0.1556
pesquisador,contextos,Undirected,3.00,0.1490
pesquisador,dezembro,Undirected,2.00,0.0309
governo,tecnologia,Undirected,3.00,0.1017
governo,vida,Undirected,2.00,0.2187
governo,universidade,Undirected,6.00,0.1933
governo,empresas,Undirected,5.00,0.3606
governo,instituicao,Undirected,5.00,0.1770
governo,plano,Undirected,3.00,0.2654
governo,tabulacao,Undirected,2.00,0.1598
governo,maquina,Undirected,3.00,0.1626
governo,estatistica,Undirected,2.00,0.1881
governo,comercial,Undirected,3.00,0.2683
governo,brasileiro,Undirected,3.00,0.2742
governo,lado,Undirected,4.00,0.3089
open,sistemas,Undirected,2.00,0.1898
open,historica,Undirected,2.00,0.1986
open,tabulacao,Undirected,3.00,0.2215
open,servicos,Undirected,6.00,0.3761
open,tecnica,Undirected,3.00,0.2547
open,entrevista,Undirected,3.00,0.2945
open,claudio,Undirected,4.00,0.1093
open,estrategia,Undirected,3.00,0.2817
open,posicao,Undirected,4.00,0.2929
open,datasets,Undirected,2.00,0.2504
open,interesses,Undirected,2.00,0.2366
unico,lugar,Undirected,2.00,0.2295
unico,cientista,Undirected,2.00,0.2232
unico,sistema,Undirected,3.00,0.2088
unico,saude,Undirected,3.00,0.2347
unico,deixa,Undirected,3.00,0.2804
unico,lado,Undirected,2.00,0.2089
unico,valor,Undirected,2.00,0.1817
unico,empresa,Undirected,3.00,0.1559
unico,verbal,Undirected,2.00,0.1915
unico,claudio,Undirected,3.00,0.0650
unico,brasil,Undirected,6.00,0.2120
unico,entrevista,Undirected,2.00,0.2295
contextos,publico,Undirected,3.00,0.0777
contextos,claudio,Undirected,3.00,0.0515
contextos,entrevistas,Undirected,2.00,0.1797
contextos,modelo,Undirected,2.00,0.0432
contextos,pesquisa,Undirected,5.00,0.0892
contextos,torna,Undirected,2.00,0.1616
contextos,inovacao,Undirected,2.00,0.1469
contextos,parceria,Undirected,2.00,0.2103
contextos,laboratorio,Undirected,2.00,0.0671
contextos,registros,Undirected,2.00,0.1279
contextos,disponivel,Undirected,2.00,0.2166
contextos,global,Undirected,2.00,0.1881
lugar,seguir,Undirected,3.00,0.1271
lugar,pesquisa,Undirected,4.00,0.0670
lugar,empresa,Undirected,3.00,0.1489
lugar,pergunta,Undirected,6.00,0.2665
lugar,universidade,Undirected,6.00,0.2464
lugar,laboratorio,Undirected,3.00,0.1236
lugar,campo,Undirected,2.00,0.1040
lugar,etnografia,Undirected,3.00,0.1671
lugar,partir,Undirected,3.00,0.1785
lugar,passagem,Undirected,2.00,0.1944
lugar,escolha,Undirected,2.00,0.2295
evento,publico,Undirected,3.00,0.0913
evento,parceria,Undirected,3.00,0.2804
evento,torna,Undirected,3.00,0.2295
evento,bluetalks,Undirected,3.00,0.2105
evento,agencia,Undirected,4.00,0.3461
evento,objeto,Undirected,2.00,0.2062
evento,infraestrutura,Undirected,3.00,0.1288
evento,fabio,Undirected,4.00,0.1745
evento,rede,Undirected,2.00,0.0223
evento,dado,Undirected,3.00,0.1460
evento,etnografia,Undirected,2.00,0.1217
evento,pergunta,Undirected,2.00,0.1198
evento,inteligencia,Undirected,2.00,0.1152
evento,artificial,Undirected,3.00,0.1620
evento,claudio,Undirected,5.00,0.1317
evento,dezembro,Undirected,6.00,0.3157
evento,fala,Undirected,3.00,0.2789
verbal,informacao,Undirected,72.00,0.8546
verbal,infraestrutura,Undirected,2.00,0.0337
verbal,pesquisa,Undirected,2.00,-0.0525
verbal,fabio,Undirected,3.00,0.0887
verbal,entrevista,Undirected,6.00,0.3480
verbal,claudio,Undirected,10.00,0.1825
verbal,watson,Undirected,3.00,0.2159
verbal,computacao,Undirected,2.00,0.1187
verbal,arranjo,Undirected,2.00,0.0088
verbal,relatorios,Undirected,6.00,0.3048
verbal,anuais,Undirected,2.00,0.1915
verbal,fapesp,Undirected,3.00,0.1182
verbal,recursos,Undirected,3.00,0.1306
verbal,publico,Undirected,4.00,0.0804
verbal,projeto,Undirected,2.00,0.1915
conta,seguir,Undirected,2.00,0.0535
conta,ator,Undirected,3.00,0.0958
conta,questao,Undirected,3.00,0.2428
conta,maquina,Undirected,2.00,0.0807
conta,khipu,Undirected,7.00,0.3693
conta,gesto,Undirected,10.00,0.4121
conta,lado,Undirected,5.00,0.2341
conta,escolha,Undirected,2.00,0.2062
conta,censo,Undirected,3.00,0.2428
conta,dado,Undirected,3.00,0.1146
conta,conhecimento,Undirected,3.00,0.1941
conta,vida,Undirected,19.00,0.4812
conta,instituicao,Undirected,3.00,0.0763
conta,estatistica,Undirected,3.00,0.2123
conta,deixa,Undirected,2.00,0.1933
conta,social,Undirected,2.00,0.2134
conta,infraestrutura,Undirected,2.00,0.0484
maior,mostra,Undirected,2.00,0.1726
maior,rede,Undirected,3.00,0.0233
maior,pesquisa,Undirected,3.00,-0.0082
maior,analise,Undirected,3.00,0.1506
maior,parte,Undirected,10.00,0.3106
maior,khipu,Undirected,2.00,0.1656
maior,ator,Undirected,2.00,0.0321
maior,lado,Undirected,5.00,0.2187
maior,cientista,Undirected,2.00,0.1786
maior,tornou,Undirected,2.00,0.1564
maior,empresa,Undirected,2.00,0.0596
maior,partir,Undirected,2.00,0.0878
maior,escala,Undirected,6.00,0.2811
maior,valor,Undirected,2.00,0.1370
maior,servicos,Undirected,3.00,0.2118
maior,periodo,Undirected,2.00,0.1915
maior,claudio,Undirected,6.00,0.1068
maior,entrevista,Undirected,6.00,0.3480
maior,capacidade,Undirected,4.00,0.2576
maior,investimento,Undirected,2.00,0.1424
maior,tecnologia,Undirected,2.00,0.0078
maior,fechamento,Undirected,2.00,0.1915
maior,laboratorio,Undirected,6.00,0.1780
maior,brasil,Undirected,2.00,0.0450
maior,arranjo,Undirected,2.00,0.0088
maior,vinculo,Undirected,2.00,0.1786
termos,cadeias,Undirected,4.00,0.3039
termos,conjunto,Undirected,2.00,0.2103
termos,dependencia,Undirected,2.00,0.1540
termos,modelo,Undirected,2.00,0.0432
termos,gesto,Undirected,2.00,0.2134
termos,analise,Undirected,2.00,0.1309
termos,publicacoes,Undirected,3.00,0.2005
termos,inovacao,Undirected,2.00,0.1469
termos,registros,Undirected,2.00,0.1279
termos,capacidade,Undirected,2.00,0.1933
termos,latour,Undirected,3.00,0.2005
termos,ponto,Undirected,2.00,0.1223
termos,valor,Undirected,2.00,0.1687
tecnica,descreve,Undirected,3.00,0.2005
tecnica,foucault,Undirected,2.00,0.1986
tecnica,condicao,Undirected,3.00,0.2215
tecnica,vida,Undirected,3.00,0.2290
tecnica,fato,Undirected,3.00,0.2473
tecnica,trajetoria,Undirected,7.00,0.2439
tecnica,comercial,Undirected,16.00,0.5138
tecnica,cartoes,Undirected,3.00,0.2215
tecnica,entrevistas,Undirected,2.00,0.1480
tecnica,historica,Undirected,3.00,0.2005
tecnica,instituicao,Undirected,4.00,0.0973
tecnica,servicos,Undirected,3.00,0.2118
tecnica,lado,Undirected,3.00,0.1642
tecnica,disponivel,Undirected,2.00,0.1849
tecnica,maquina,Undirected,3.00,0.1158
tecnica,estrategia,Undirected,2.00,0.1726
tecnica,dependencia,Undirected,3.00,0.1748
tecnica,empresa,Undirected,3.00,0.1091
tecnica,inovacao,Undirected,3.00,0.1673
tecnica,ponto,Undirected,2.00,0.0906
tecnica,estatistica,Undirected,2.00,0.1435
tecnica,pratica,Undirected,2.00,0.1299
tecnica,pesquisa,Undirected,3.00,-0.0082
tecnica,analise,Undirected,2.00,0.0992
tecnica,fechamento,Undirected,3.00,0.2473
tecnica,infraestrutura,Undirected,2.00,0.0337
descricao,gesto,Undirected,2.00,0.1964
descricao,etnografia,Undirected,3.00,0.1427
descricao,tecnociencia,Undirected,2.00,0.1817
descricao,resposta,Undirected,2.00,0.1996
descricao,claudio,Undirected,3.00,0.0337
descricao,actante,Undirected,15.00,0.3640
descricao,translacao,Undirected,3.00,0.2208
descricao,ator,Undirected,5.00,0.1644
descricao,torna,Undirected,3.00,0.1981
descricao,arranjo,Undirected,3.00,0.0714
descricao,campo,Undirected,2.00,0.0807
descricao,estrategia,Undirected,2.00,0.1873
descricao,dado,Undirected,3.00,0.1146
descricao,registros,Undirected,6.00,0.2639
descricao,ponto,Undirected,3.00,0.1570
descricao,acesso,Undirected,2.00,0.1273
descricao,posicao,Undirected,2.00,0.1571
descricao,arranjos,Undirected,2.00,0.1486
descricao,tornou,Undirected,3.00,0.2259
plano,rede,Undirected,4.00,0.0773
plano,propriedade,Undirected,3.00,0.2441
plano,dado,Undirected,2.00,0.0675
plano,acao,Undirected,2.00,0.1959
plano,humano,Undirected,3.00,0.1910
plano,seguir,Undirected,3.00,0.1055
plano,fabio,Undirected,3.00,0.1069
plano,claudio,Undirected,2.00,-0.0099
plano,social,Undirected,2.00,0.2160
plano,ator,Undirected,4.00,0.1363
plano,dependencia,Undirected,4.00,0.1929
plano,pesquisa,Undirected,2.00,-0.0351
plano,brasileiro,Undirected,3.00,0.2456
plano,inteligencia,Undirected,2.00,0.0878
plano,tornou,Undirected,2.00,0.1738
plano,investimento,Undirected,3.00,0.2140
plano,estrategia,Undirected,2.00,0.1900
plano,arranjo,Undirected,4.00,0.1110
plano,instituicao,Undirected,4.00,0.1161
plano,registros,Undirected,2.00,0.1136
vida,dado,Undirected,4.00,0.1664
vida,gesto,Undirected,4.00,0.3088
vida,objeto,Undirected,3.00,0.2444
vida,escala,Undirected,2.00,0.1532
vida,conjunto,Undirected,3.00,0.2621
vida,fala,Undirected,2.00,0.2042
vida,base,Undirected,2.00,0.2187
vida,fato,Undirected,2.00,0.2187
periodo,parceria,Undirected,3.00,0.2804
periodo,pesquisa,Undirected,5.00,0.1036
periodo,tecnologia,Undirected,2.00,0.0525
periodo,comercial,Undirected,2.00,0.2116
periodo,parte,Undirected,3.00,0.1754
periodo,funcionamento,Undirected,3.00,0.2473
periodo,brasil,Undirected,4.00,0.1798
periodo,novembro,Undirected,6.00,0.3989
periodo,publico,Undirected,3.00,0.0913
periodo,fapesp,Undirected,3.00,0.1649
periodo,interesses,Undirected,2.00,0.2295
periodo,vinculo,Undirected,2.00,0.2232
periodo,arranjo,Undirected,2.00,0.0535
periodo,fabio,Undirected,2.00,0.0848
periodo,claudio,Undirected,3.00,0.0650
descreve,valor,Undirected,2.00,0.1370
descreve,fato,Undirected,3.00,0.2473
descreve,cadeias,Undirected,4.00,0.2696
descreve,porta,Undirected,3.00,0.1969
descreve,voz,Undirected,3.00,0.2105
descreve,rede,Undirected,2.00,-0.0224
descreve,fabio,Undirected,6.00,0.1833
descreve,momentos,Undirected,3.00,0.2403
descreve,actante,Undirected,3.00,0.1757
descreve,conjunto,Undirected,4.00,0.2760
descreve,passagem,Undirected,2.00,0.1564
descreve,claudio,Undirected,10.00,0.1825
descreve,campo,Undirected,4.00,0.1541
descreve,parte,Undirected,5.00,0.1993
descreve,condicao,Undirected,6.00,0.3277
descreve,arranjo,Undirected,2.00,0.0088
descreve,descrever,Undirected,2.00,0.1616
descreve,registro,Undirected,3.00,0.2215
descreve,capacidade,Undirected,3.00,0.2159
descreve,desenvolvimento,Undirected,2.00,0.1786
descreve,estatistica,Undirected,2.00,0.1435
descreve,foucault,Undirected,3.00,0.2547
descreve,etnografia,Undirected,3.00,0.1273
descreve,torna,Undirected,2.00,0.1299
dependencia,investigacao,Undirected,2.00,0.1480
dependencia,questao,Undirected,2.00,0.1480
dependencia,tecnologia,Undirected,17.00,0.2755
dependencia,agenda,Undirected,6.00,0.3358
dependencia,pesquisa,Undirected,4.00,-0.0007
dependencia,relacao,Undirected,4.00,0.2414
dependencia,infraestrutura,Undirected,13.00,0.2714
dependencia,global,Undirected,3.00,0.1848
dependencia,relacoes,Undirected,9.00,0.3452
dependencia,trajetoria,Undirected,2.00,0.0476
dependencia,producao,Undirected,3.00,0.1570
dependencia,ecossistemas,Undirected,2.00,0.1603
dependencia,analise,Undirected,2.00,0.0746
dependencia,empresa,Undirected,4.00,0.1206
dependencia,secao,Undirected,2.00,0.1571
dependencia,registros,Undirected,3.00,0.1218
dependencia,tecnicas,Undirected,3.00,0.1958
dependencia,tornou,Undirected,2.00,0.1319
dependencia,cartoes,Undirected,9.00,0.3693
dependencia,ponto,Undirected,4.00,0.1541
dependencia,torna,Undirected,3.00,0.1570
dependencia,publico,Undirected,3.00,0.0188
dependencia,fapesp,Undirected,2.00,0.0436
dependencia,recursos,Undirected,3.00,0.1048
dependencia,condicao,Undirected,2.00,0.1424
mostra,rede,Undirected,5.00,0.1160
mostra,trajetoria,Undirected,5.00,0.2213
mostra,entrevistas,Undirected,3.00,0.2286
mostra,humano,Undirected,3.00,0.1462
mostra,khipu,Undirected,7.00,0.3821
mostra,actante,Undirected,3.00,0.2027
mostra,valor,Undirected,2.00,0.1627
mostra,tecnociencia,Undirected,3.00,0.2485
mostra,cadeia,Undirected,3.00,0.2375
mostra,maquina,Undirected,2.00,0.0917
mostra,lado,Undirected,3.00,0.2456
mostra,grupos,Undirected,2.00,0.1822
mostra,pesquisa,Undirected,3.00,0.0188
social,publico,Undirected,3.00,0.0988
social,sistema,Undirected,3.00,0.2162
social,tecnologia,Undirected,8.00,0.2507
social,saude,Undirected,2.00,0.1867
social,pesquisa,Undirected,4.00,0.0820
social,artificial,Undirected,2.00,0.1172
social,estatistica,Undirected,6.00,0.3599
social,inovacao,Undirected,2.00,0.1669
social,deixa,Undirected,2.00,0.2303
social,logica,Undirected,2.00,0.2134
parceria,publicacoes,Undirected,4.00,0.2417
parceria,torna,Undirected,2.00,0.1616
parceria,movimento,Undirected,2.00,0.2029
parceria,publico,Undirected,3.00,0.0777
parceria,pesquisa,Undirected,2.00,-0.0208
parceria,questao,Undirected,2.00,0.2043
parceria,watson,Undirected,2.00,0.1933
parceria,novembro,Undirected,3.00,0.2735
parceria,vinculo,Undirected,3.00,0.2669
parceria,fechamento,Undirected,3.00,0.2804
parceria,partir,Undirected,3.00,0.1719
parceria,obia,Undirected,3.00,0.2735
parceria,modelo,Undirected,2.00,0.0432
parceria,instituicao,Undirected,6.00,0.1892
parceria,registros,Undirected,6.00,0.2833
momento,campo,Undirected,3.00,0.1700
momento,pesquisa,Undirected,3.00,0.0461
momento,rede,Undirected,4.00,0.1145
momento,parte,Undirected,5.00,0.2569
momento,trajetoria,Undirected,5.00,0.2502
momento,partir,Undirected,2.00,0.1396
momento,saude,Undirected,3.00,0.2422
momento,analise,Undirected,2.00,0.1509
momento,brasileiro,Undirected,3.00,0.2817
momento,fapesp,Undirected,3.00,0.1724
computacao,khipu,Undirected,3.00,0.1906
computacao,logica,Undirected,2.00,0.1334
computacao,inteligencia,Undirected,8.00,0.2302
computacao,artificial,Undirected,4.00,0.1230
computacao,estatistica,Undirected,5.00,0.2405
computacao,inovacao,Undirected,3.00,0.1378
computacao,claudio,Undirected,3.00,-0.0113
computacao,research,Undirected,5.00,0.2795
computacao,tecnologia,Undirected,4.00,0.0606
computacao,tabulacao,Undirected,8.00,0.2829
computacao,industria,Undirected,3.00,0.2042
computacao,watson,Undirected,3.00,0.1864
computacao,sistemas,Undirected,2.00,0.1098
computacao,empresa,Undirected,3.00,0.0796
computacao,deixa,Undirected,2.00,0.1504
computacao,cientista,Undirected,6.00,0.3088
computacao,humano,Undirected,3.00,0.1433
computacao,cadeias,Undirected,2.00,0.1444
computacao,brasil,Undirected,6.00,0.1568
computacao,fato,Undirected,2.00,0.1633
computacao,acesso,Undirected,2.00,0.0844
projeto,ecossistema,Undirected,2.00,0.0901
projeto,pergunta,Undirected,2.00,0.1198
projeto,escolha,Undirected,3.00,0.2940
projeto,modelo,Undirected,2.00,0.0561
projeto,secao,Undirected,3.00,0.2837
projeto,propriedade,Undirected,2.00,0.2158
projeto,valor,Undirected,2.00,0.1817
projeto,ecossistemas,Undirected,3.00,0.2870
projeto,logica,Undirected,2.00,0.2062
projeto,claudio,Undirected,4.00,0.1016
projeto,informacao,Undirected,4.00,0.2634
momentos,actante,Undirected,2.00,0.1612
momentos,ponto,Undirected,2.00,0.1286
momentos,passagem,Undirected,3.00,0.2503
momentos,translacao,Undirected,6.00,0.3534
momentos,secao,Undirected,7.00,0.4150
momentos,seguir,Undirected,3.00,0.1271
momentos,trajetoria,Undirected,8.00,0.3104
momentos,tabulacao,Undirected,2.00,0.1532
momentos,dado,Undirected,2.00,0.0881
momentos,tecnologia,Undirected,2.00,0.0458
momentos,tecnociencia,Undirected,5.00,0.3403
momentos,analise,Undirected,2.00,0.1372
momentos,empresa,Undirected,2.00,0.0976
resposta,servicos,Undirected,2.00,0.1957
resposta,questao,Undirected,5.00,0.3466
resposta,claudio,Undirected,19.00,0.3442
resposta,pesquisa,Undirected,2.00,-0.0145
resposta,fato,Undirected,3.00,0.2870
resposta,ator,Undirected,4.00,0.1586
resposta,campo,Undirected,3.00,0.1556
resposta,analise,Undirected,2.00,0.1372
resposta,descrever,Undirected,3.00,0.2557
resposta,bluetalks,Undirected,7.00,0.3339
resposta,pergunta,Undirected,9.00,0.3343
resposta,investigacao,Undirected,2.00,0.2106
resposta,empresas,Undirected,2.00,0.2166
resposta,sistema,Undirected,2.00,0.1481
resposta,empresa,Undirected,2.00,0.0976
resposta,seguir,Undirected,2.00,0.0768
claudio,rede,Undirected,17.00,0.0424
claudio,fabio,Undirected,138.00,0.6161
claudio,seguir,Undirected,24.00,0.1907
claudio,investimento,Undirected,2.00,-0.0317
claudio,empresa,Undirected,2.00,-0.1145
claudio,questao,Undirected,2.00,-0.0015
claudio,fala,Undirected,21.00,0.3537
claudio,bluetalks,Undirected,30.00,0.3365
claudio,entrevista,Undirected,33.00,0.4626
claudio,modelo,Undirected,6.00,-0.0473
claudio,negocio,Undirected,3.00,0.0232
claudio,publico,Undirected,12.00,0.0265
claudio,pergunta,Undirected,9.00,0.0801
claudio,sistema,Undirected,4.00,0.0134
claudio,tabulacao,Undirected,2.00,-0.0589
claudio,maquina,Undirected,4.00,-0.0343
claudio,ecossistema,Undirected,6.00,-0.0086
claudio,logica,Undirected,8.00,0.1655
claudio,entrevistas,Undirected,18.00,0.2634
claudio,campo,Undirected,6.00,0.0147
claudio,ponto,Undirected,2.00,-0.0835
claudio,instituicao,Undirected,3.00,-0.1213
claudio,acesso,Undirected,2.00,-0.0615
claudio,porta,Undirected,4.00,0.0495
claudio,voz,Undirected,2.00,-0.0176
claudio,ator,Undirected,10.00,0.0430
claudio,parte,Undirected,4.00,-0.0211
claudio,fapesp,Undirected,5.00,-0.0055
claudio,arranjo,Undirected,6.00,-0.0503
claudio,financiamento,Undirected,2.00,-0.0742
claudio,publicacoes,Undirected,3.00,-0.0149
claudio,relacao,Undirected,2.00,-0.0029
claudio,etnografia,Undirected,3.00,-0.0549
claudio,pessoas,Undirected,4.00,0.1016
claudio,descrever,Undirected,4.00,0.0691
claudio,valor,Undirected,5.00,0.0710
claudio,servicos,Undirected,2.00,-0.0164
claudio,deixa,Undirected,2.00,0.0045
claudio,informacao,Undirected,8.00,0.1191
claudio,posicao,Undirected,2.00,-0.0317
claudio,pesquisa,Undirected,7.00,-0.1027
claudio,estrategia,Undirected,2.00,-0.0015
claudio,propriedade,Undirected,2.00,-0.0029
claudio,novembro,Undirected,6.00,0.1500
claudio,laboratorio,Undirected,3.00,-0.0984
claudio,dezembro,Undirected,6.00,0.0668
claudio,fechamento,Undirected,3.00,0.0650
claudio,tornou,Undirected,2.00,-0.0176
claudio,universidade,Undirected,2.00,-0.1166
claudio,multiplicacao,Undirected,2.00,0.0175
claudio,trajetoria,Undirected,2.00,-0.1019
entrevista,fabio,Undirected,4.00,0.1672
entrevista,registro,Undirected,3.00,0.2613
entrevista,fala,Undirected,2.00,0.2150
entrevista,informacao,Undirected,4.00,0.2562
inteligencia,tecnicas,Undirected,2.00,0.0906
inteligencia,pesquisa,Undirected,14.00,0.1089
inteligencia,artificial,Undirected,144.00,0.8705
inteligencia,ecossistema,Undirected,14.00,0.2336
inteligencia,inovacao,Undirected,11.00,0.2790
inteligencia,ecossistemas,Undirected,4.00,0.2001
inteligencia,secao,Undirected,2.00,0.1053
inteligencia,laboratorio,Undirected,6.00,0.0911
inteligencia,deixa,Undirected,2.00,0.1022
inteligencia,lado,Undirected,2.00,0.0878
inteligencia,sistemas,Undirected,3.00,0.1113
inteligencia,maquina,Undirected,4.00,0.0714
inteligencia,saude,Undirected,3.00,0.1080
inteligencia,arranjos,Undirected,2.00,0.0575
inteligencia,publico,Undirected,6.00,0.0484
inteligencia,brasileiro,Undirected,21.00,0.4796
inteligencia,estrategia,Undirected,2.00,0.0962
inteligencia,estatistica,Undirected,4.00,0.1553
inteligencia,tecnologia,Undirected,3.00,-0.0250
inteligencia,empresa,Undirected,5.00,0.0936
inteligencia,pergunta,Undirected,2.00,-0.0012
inteligencia,modelo,Undirected,2.00,-0.0649
inteligencia,brasil,Undirected,6.00,0.1020
inteligencia,cadeias,Undirected,2.00,0.0962
inteligencia,obia,Undirected,10.00,0.3474
inteligencia,disponivel,Undirected,2.00,0.1085
inteligencia,fapesp,Undirected,2.00,-0.0082
inteligencia,multiplicacao,Undirected,2.00,0.1152
inteligencia,ponto,Undirected,3.00,0.0616
arranjo,torna,Undirected,6.00,0.1284
arranjo,etnografia,Undirected,11.00,0.1255
arranjo,registros,Undirected,8.00,0.1309
arranjo,parte,Undirected,8.00,0.1097
arranjo,universidade,Undirected,5.00,0.0227
arranjo,publico,Undirected,21.00,0.1435
arranjo,rede,Undirected,5.00,-0.0661
arranjo,movimento,Undirected,2.00,0.0331
arranjo,fapesp,Undirected,19.00,0.2370
arranjo,financiamento,Undirected,6.00,0.0943
arranjo,pesquisa,Undirected,4.00,-0.1236
arranjo,instituicao,Undirected,22.00,0.1899
arranjo,pergunta,Undirected,2.00,-0.0629
arranjo,voz,Undirected,7.00,0.1815
arranjo,empresa,Undirected,5.00,0.0250
arranjo,ator,Undirected,3.00,-0.0641
arranjo,porta,Undirected,5.00,0.1183
arranjo,funcionamento,Undirected,6.00,0.1478
arranjo,dezembro,Undirected,14.00,0.2395
arranjo,watson,Undirected,3.00,0.0714
arranjo,laboratorio,Undirected,14.00,0.1423
arranjo,brasil,Undirected,7.00,0.0522
arranjo,novembro,Undirected,6.00,0.1910
arranjo,tornou,Undirected,5.00,0.1328
arranjo,brasileiro,Undirected,6.00,0.1770
arranjo,descrever,Undirected,6.00,0.1645
arranjo,expertise,Undirected,3.00,0.0892
arranjo,informacao,Undirected,2.00,-0.0158
arranjo,modelo,Undirected,2.00,-0.1266
arranjo,lado,Undirected,3.00,0.0742
arranjo,dado,Undirected,4.00,-0.0125
arranjo,registro,Undirected,5.00,0.1445
arranjo,valor,Undirected,3.00,0.0457
arranjo,multiplicacao,Undirected,4.00,0.1406
arranjo,disponivel,Undirected,2.00,0.0468
arranjo,ponto,Undirected,2.00,-0.0475
arranjo,seguir,Undirected,7.00,0.0248
arranjo,grupos,Undirected,2.00,0.0184
acesso,censo,Undirected,3.00,0.1916
acesso,disponivel,Undirected,21.00,0.5530
acesso,seguir,Undirected,3.00,0.0515
acesso,dado,Undirected,8.00,0.1990
acesso,passagem,Undirected,3.00,0.1747
acesso,instituicao,Undirected,9.00,0.1738
acesso,fabio,Undirected,3.00,0.0529
acesso,condicao,Undirected,3.00,0.1857
acesso,fapesp,Undirected,3.00,0.0823
acesso,documentos,Undirected,3.00,0.2189
acesso,lado,Undirected,4.00,0.2234
acesso,mulheres,Undirected,3.00,0.2114
acesso,unidos,Undirected,2.00,0.1506
acesso,modelo,Undirected,2.00,-0.0228
acesso,artificial,Undirected,2.00,0.0312
acesso,obia,Undirected,4.00,0.2458
acesso,brasil,Undirected,3.00,0.0580
acesso,dezembro,Undirected,5.00,0.1985
acesso,laboratorio,Undirected,2.00,0.0011
acesso,recursos,Undirected,2.00,0.0458
acesso,infraestrutura,Undirected,3.00,0.0462
estados,cartoes,Undirected,4.00,0.2738
estados,unidos,Undirected,51.00,0.8572
estados,escolha,Undirected,6.00,0.3666
estados,conjunto,Undirected,3.00,0.2437
estados,logica,Undirected,3.00,0.2259
estados,universidade,Undirected,5.00,0.1869
estados,censo,Undirected,3.00,0.2375
estados,ponto,Undirected,2.00,0.1002
estados,brasil,Undirected,2.00,0.0546
estados,registro,Undirected,2.00,0.1765
deixa,rede,Undirected,5.00,0.1227
deixa,questao,Undirected,3.00,0.2606
deixa,aberto,Undirected,2.00,0.1786
deixa,mundo,Undirected,5.00,0.3625
deixa,relacoes,Undirected,3.00,0.2337
deixa,ponto,Undirected,8.00,0.3246
deixa,lado,Undirected,3.00,0.2519
deixa,descrever,Undirected,3.00,0.2491
deixa,cadeia,Undirected,2.00,0.1881
deixa,historica,Undirected,3.00,0.2337
deixa,bluetalks,Undirected,3.00,0.1969
deixa,trajetoria,Undirected,4.00,0.1952
deixa,ecossistema,Undirected,2.00,0.0771
deixa,passagem,Undirected,3.00,0.2437
deixa,comercial,Undirected,2.00,0.1986
deixa,tecnologia,Undirected,3.00,0.0882
deixa,grupos,Undirected,3.00,0.2437
deixa,fontes,Undirected,2.00,0.2103
deixa,tecnociencia,Undirected,2.00,0.1986
deixa,fechamento,Undirected,2.00,0.2232
sistema,publico,Undirected,2.00,-0.0389
sistema,aberto,Undirected,2.00,0.1101
sistema,bluetalks,Undirected,3.00,0.1253
sistema,tabulacao,Undirected,24.00,0.4850
sistema,maquina,Undirected,2.00,0.0292
sistema,khipu,Undirected,2.00,0.1288
sistema,saude,Undirected,2.00,0.0982
sistema,acao,Undirected,2.00,0.1418
sistema,capacidade,Undirected,2.00,0.1248
sistema,funcionamento,Undirected,7.00,0.2630
sistema,rede,Undirected,3.00,-0.0151
sistema,watson,Undirected,3.00,0.1774
sistema,servicos,Undirected,2.00,0.1210
sistema,pergunta,Undirected,3.00,0.0870
sistema,tecnologia,Undirected,2.00,-0.0289
sistema,tecnicas,Undirected,3.00,0.1831
sistema,brasil,Undirected,2.00,0.0082
sistema,translacao,Undirected,4.00,0.2070
sistema,seguir,Undirected,2.00,0.0020
gesto,artificial,Undirected,2.00,0.1002
gesto,rede,Undirected,4.00,0.0961
gesto,relacao,Undirected,2.00,0.2060
gesto,propriedade,Undirected,6.00,0.3721
gesto,computacional,Undirected,6.00,0.2845
gesto,publicacoes,Undirected,3.00,0.2037
gesto,translacao,Undirected,2.00,0.1864
arranjos,campo,Undirected,2.00,0.0530
arranjos,ator,Undirected,3.00,0.0668
arranjos,analise,Undirected,8.00,0.2820
arranjos,pergunta,Undirected,4.00,0.1500
arranjos,inovacao,Undirected,8.00,0.3009
arranjos,relacoes,Undirected,6.00,0.2900
arranjos,publico,Undirected,16.00,0.2777
arranjos,mundo,Undirected,5.00,0.2779
arranjos,ecossistemas,Undirected,2.00,0.1719
arranjos,universidade,Undirected,8.00,0.2118
arranjos,instituicao,Undirected,8.00,0.1809
arranjos,negocio,Undirected,6.00,0.2954
arranjos,modelo,Undirected,2.00,-0.0015
arranjos,pessoas,Undirected,6.00,0.3409
arranjos,ponto,Undirected,2.00,0.0776
producao,tecnologia,Undirected,3.00,0.0372
producao,cartoes,Undirected,2.00,0.1500
producao,fechamento,Undirected,2.00,0.1745
producao,rede,Undirected,5.00,0.0685
producao,pesquisa,Undirected,14.00,0.1845
producao,dado,Undirected,2.00,0.0331
producao,publicacoes,Undirected,5.00,0.2215
producao,anuais,Undirected,2.00,0.1745
producao,relacao,Undirected,3.00,0.2082
producao,grupos,Undirected,2.00,0.1395
producao,modelo,Undirected,3.00,0.0410
producao,analise,Undirected,2.00,0.0822
producao,universidade,Undirected,2.00,0.0405
producao,conhecimento,Undirected,3.00,0.1609
mundo,desenvolvimento,Undirected,3.00,0.2823
mundo,aberto,Undirected,3.00,0.2491
mundo,tecnologia,Undirected,5.00,0.1726
mundo,maquina,Undirected,6.00,0.2656
mundo,mulheres,Undirected,2.00,0.2379
mundo,pesquisa,Undirected,3.00,0.0404
instituicao,multiplicacao,Undirected,30.00,0.5082
instituicao,dezembro,Undirected,3.00,0.0242
instituicao,relacoes,Undirected,12.00,0.2628
instituicao,seguir,Undirected,2.00,-0.0946
instituicao,trajetoria,Undirected,2.00,-0.0611
instituicao,infraestrutura,Undirected,12.00,0.1219
instituicao,fabio,Undirected,3.00,-0.0509
instituicao,posicao,Undirected,3.00,0.0562
instituicao,vinculo,Undirected,5.00,0.1626
instituicao,registros,Undirected,10.00,0.1704
instituicao,pesquisa,Undirected,10.00,-0.0103
instituicao,fapesp,Undirected,7.00,0.0846
instituicao,pratica,Undirected,2.00,-0.0035
instituicao,descrever,Undirected,3.00,0.0763
instituicao,financiamento,Undirected,5.00,0.0465
instituicao,porta,Undirected,4.00,0.0936
instituicao,tecnologia,Undirected,3.00,-0.0846
instituicao,watson,Undirected,4.00,0.1132
instituicao,voz,Undirected,3.00,0.0709
instituicao,ecossistemas,Undirected,2.00,0.0515
instituicao,modelo,Undirected,4.00,-0.0493
instituicao,universidade,Undirected,12.00,0.1234
instituicao,publico,Undirected,14.00,0.1005
instituicao,ecossistema,Undirected,8.00,0.0765
instituicao,valor,Undirected,2.00,0.0036
instituicao,documentos,Undirected,2.00,0.0653
instituicao,comercial,Undirected,7.00,0.1991
instituicao,ponto,Undirected,2.00,-0.0428
instituicao,base,Undirected,2.00,0.0582
instituicao,brasil,Undirected,3.00,-0.0457
instituicao,tabulacao,Undirected,2.00,-0.0182
instituicao,recursos,Undirected,3.00,-0.0090
instituicao,expertise,Undirected,3.00,0.0941
instituicao,funcionamento,Undirected,2.00,0.0135
instituicao,dado,Undirected,2.00,-0.0833
instituicao,tornou,Undirected,2.00,0.0231
instituicao,registro,Undirected,2.00,0.0336
instituicao,parte,Undirected,4.00,0.0230
instituicao,conjunto,Undirected,2.00,0.0452
instituicao,inovacao,Undirected,2.00,-0.0182
instituicao,desenvolvimento,Undirected,3.00,0.0941
instituicao,pergunta,Undirected,2.00,-0.0582
infraestrutura,descrever,Undirected,2.00,0.0484
infraestrutura,maquina,Undirected,4.00,0.0316
infraestrutura,rede,Undirected,6.00,-0.0165
infraestrutura,trajetoria,Undirected,3.00,0.0039
infraestrutura,publico,Undirected,11.00,0.0894
infraestrutura,servicos,Undirected,5.00,0.1619
infraestrutura,recursos,Undirected,9.00,0.1590
infraestrutura,registros,Undirected,3.00,0.0291
infraestrutura,ecossistema,Undirected,3.00,-0.0241
infraestrutura,universidade,Undirected,6.00,0.0744
infraestrutura,tecnologia,Undirected,6.00,0.0179
infraestrutura,propriedade,Undirected,3.00,0.1075
infraestrutura,computacional,Undirected,27.00,0.4560
infraestrutura,dado,Undirected,5.00,0.0422
infraestrutura,funcionamento,Undirected,13.00,0.3023
infraestrutura,datasets,Undirected,3.00,0.1363
infraestrutura,tabulacao,Undirected,2.00,0.0020
infraestrutura,sistemas,Undirected,3.00,0.0728
infraestrutura,cartoes,Undirected,3.00,0.1031
infraestrutura,fechamento,Undirected,6.00,0.2269
infraestrutura,valor,Undirected,3.00,0.0717
infraestrutura,negocio,Undirected,2.00,0.0384
infraestrutura,passagem,Undirected,2.00,0.0433
infraestrutura,ecossistemas,Undirected,3.00,0.1219
infraestrutura,modelo,Undirected,3.00,-0.0596
infraestrutura,conhecimento,Undirected,6.00,0.1524
infraestrutura,tecnicas,Undirected,6.00,0.1990
infraestrutura,global,Undirected,12.00,0.3000
infraestrutura,relacoes,Undirected,5.00,0.1498
infraestrutura,expertise,Undirected,2.00,0.0654
infraestrutura,analise,Undirected,3.00,0.0321
infraestrutura,empresa,Undirected,3.00,-0.0093
infraestrutura,pesquisa,Undirected,4.00,-0.0966
infraestrutura,fapesp,Undirected,9.00,0.1448
infraestrutura,fato,Undirected,2.00,0.0784
infraestrutura,secao,Undirected,3.00,0.1185
infraestrutura,condicao,Undirected,3.00,0.1031
infraestrutura,financiamento,Undirected,2.00,-0.0132
etnografia,tecnociencia,Undirected,5.00,0.2203
etnografia,seguir,Undirected,12.00,0.2073
etnografia,objeto,Undirected,6.00,0.2421
etnografia,latour,Undirected,2.00,0.0453
etnografia,pesquisa,Undirected,10.00,0.0668
etnografia,campo,Undirected,7.00,0.1556
etnografia,partir,Undirected,4.00,0.1022
etnografia,tornou,Undirected,4.00,0.1764
etnografia,registro,Undirected,4.00,0.1878
etnografia,actante,Undirected,2.00,0.0533
etnografia,condicao,Undirected,2.00,0.0971
etnografia,ator,Undirected,2.00,-0.0378
etnografia,torna,Undirected,4.00,0.1096
etnografia,pergunta,Undirected,10.00,0.2220
etnografia,laboratorio,Undirected,9.00,0.1573
etnografia,documentos,Undirected,3.00,0.1816
etnografia,relatorios,Undirected,2.00,0.0770
etnografia,fontes,Undirected,2.00,0.1087
etnografia,rede,Undirected,5.00,0.0097
etnografia,ponto,Undirected,4.00,0.1051
etnografia,fabio,Undirected,6.00,0.1038
etnografia,pratica,Undirected,6.00,0.2060
etnografia,dezembro,Undirected,3.00,0.0906
etnografia,descrever,Undirected,2.00,0.0917
etnografia,secao,Undirected,2.00,0.1118
etnografia,acao,Undirected,2.00,0.1087
etnografia,dado,Undirected,3.00,0.0261
etnografia,obia,Undirected,3.00,0.1671
etnografia,estatistica,Undirected,2.00,0.0736
etnografia,registros,Undirected,2.00,0.0263
etnografia,funcionamento,Undirected,2.00,0.0770
etnografia,desenvolvimento,Undirected,3.00,0.1605
estatistica,humano,Undirected,3.00,0.1171
estatistica,foucault,Undirected,14.00,0.5058
estatistica,condicao,Undirected,2.00,0.1636
estatistica,maquina,Undirected,4.00,0.1505
estatistica,dado,Undirected,7.00,0.2143
estatistica,campo,Undirected,2.00,0.0626
estatistica,conhecimento,Undirected,2.00,0.1226
estatistica,censo,Undirected,3.00,0.2239
estatistica,lado,Undirected,2.00,0.1608
estatistica,artificial,Undirected,4.00,0.1499
estatistica,servicos,Undirected,2.00,0.1543
estatistica,comercial,Undirected,3.00,0.2180
estatistica,analise,Undirected,2.00,0.0958
descrever,maquina,Undirected,2.00,0.0807
descrever,ator,Undirected,5.00,0.1644
descrever,historica,Undirected,3.00,0.2159
descrever,modelo,Undirected,2.00,0.0262
descrever,rede,Undirected,15.00,0.2755
descrever,relacao,Undirected,3.00,0.1859
descrever,translacao,Undirected,3.00,0.2208
descrever,objeto,Undirected,2.00,0.1763
descrever,capacidade,Undirected,3.00,0.2313
descrever,fechamento,Undirected,2.00,0.2062
descrever,parte,Undirected,2.00,0.0929
descrever,campo,Undirected,2.00,0.0807
descrever,analise,Undirected,3.00,0.1660
descrever,fabio,Undirected,2.00,0.0548
descrever,financiamento,Undirected,2.00,0.1146
descrever,universidade,Undirected,4.00,0.1609
descrever,valor,Undirected,4.00,0.2469
descrever,conjunto,Undirected,3.00,0.2491
descrever,porta,Undirected,2.00,0.1582
fontes,conjunto,Undirected,3.00,0.2669
fontes,campo,Undirected,3.00,0.1490
fontes,conhecimento,Undirected,3.00,0.2118
fontes,tecnologia,Undirected,3.00,0.0882
fontes,trajetoria,Undirected,2.00,0.1039
fontes,financiamento,Undirected,13.00,0.4257
fontes,acordo,Undirected,2.00,0.1797
fontes,propriedade,Undirected,2.00,0.2029
fontes,fabio,Undirected,3.00,0.1219
publicacoes,aberto,Undirected,2.00,0.1152
publicacoes,modelo,Undirected,13.00,0.2344
publicacoes,analise,Undirected,9.00,0.2599
publicacoes,pesquisa,Undirected,9.00,0.0978
publicacoes,datasets,Undirected,13.00,0.4702
publicacoes,financiamento,Undirected,3.00,0.1182
publicacoes,bluetalks,Undirected,3.00,0.1306
publicacoes,relatorios,Undirected,4.00,0.2074
publicacoes,secao,Undirected,2.00,0.1500
publicacoes,rede,Undirected,2.00,-0.0541
publicacoes,anuais,Undirected,2.00,0.1598
publicacoes,grupos,Undirected,6.00,0.2797
publicacoes,funcionamento,Undirected,5.00,0.2404
publicacoes,parte,Undirected,3.00,0.0954
publicacoes,relacao,Undirected,2.00,0.1395
publicacoes,publico,Undirected,2.00,-0.0338
publicacoes,partir,Undirected,3.00,0.1055
comercial,escolha,Undirected,3.00,0.2683
comercial,seguir,Undirected,2.00,0.0589
comercial,analise,Undirected,2.00,0.1192
comercial,trajetoria,Undirected,5.00,0.2150
comercial,cartoes,Undirected,5.00,0.3203
comercial,tecnologia,Undirected,3.00,0.0760
comercial,estrategia,Undirected,3.00,0.2485
comercial,empresas,Undirected,3.00,0.2547
comercial,brasileiro,Undirected,2.00,0.1927
comercial,recursos,Undirected,6.00,0.2517
comercial,valor,Undirected,3.00,0.2112
comercial,logica,Undirected,4.00,0.2794
comercial,fabio,Undirected,3.00,0.1097
actante,ator,Undirected,15.00,0.2962
actante,humano,Undirected,8.00,0.2945
actante,sistemas,Undirected,2.00,0.1144
actante,latour,Undirected,7.00,0.2663
actante,porta,Undirected,6.00,0.2740
actante,acordo,Undirected,2.00,0.1243
actante,fapesp,Undirected,3.00,0.0934
actante,agencia,Undirected,10.00,0.4283
actante,rede,Undirected,7.00,0.1067
actante,documentos,Undirected,2.00,0.1750
actante,pesquisa,Undirected,2.00,-0.0761
actante,ponto,Undirected,2.00,0.0669
actante,bluetalks,Undirected,4.00,0.1781
actante,acao,Undirected,2.00,0.1549
actante,relacoes,Undirected,3.00,0.1757
actante,torna,Undirected,3.00,0.1579
actante,analise,Undirected,3.00,0.1258
estrategia,tecnologia,Undirected,2.00,0.0336
estrategia,ecossistema,Undirected,14.00,0.3635
estrategia,escala,Undirected,2.00,0.1517
estrategia,translacao,Undirected,3.00,0.2323
estrategia,multiplicacao,Undirected,2.00,0.2173
estrategia,negocio,Undirected,3.00,0.2323
estrategia,empresa,Undirected,2.00,0.0853
estrategia,investimento,Undirected,3.00,0.2227
estrategia,bluetalks,Undirected,2.00,0.1375
anuais,documentos,Undirected,2.00,0.2433
anuais,relatorios,Undirected,41.00,0.7859
anuais,acordo,Undirected,3.00,0.2485
anuais,fapesp,Undirected,5.00,0.2379
anuais,publico,Undirected,3.00,0.0913
anuais,elaboracao,Undirected,8.00,0.4512
anuais,partir,Undirected,4.00,0.2262
anuais,base,Undirected,12.00,0.5403
anuais,grupos,Undirected,2.00,0.2011
anuais,registro,Undirected,2.00,0.2116
anuais,registros,Undirected,3.00,0.1943
maquina,fato,Undirected,6.00,0.2636
maquina,pessoas,Undirected,3.00,0.1626
maquina,tabulacao,Undirected,23.00,0.4151
maquina,cartoes,Undirected,8.00,0.2819
maquina,historica,Undirected,3.00,0.1158
maquina,empresa,Undirected,2.00,-0.0213
maquina,secao,Undirected,2.00,0.1008
maquina,escala,Undirected,4.00,0.1316
maquina,propriedade,Undirected,3.00,0.1413
maquina,logica,Undirected,2.00,0.0807
maquina,conhecimento,Undirected,4.00,0.1316
maquina,acao,Undirected,3.00,0.1490
maquina,latour,Undirected,2.00,0.0343
maquina,artificial,Undirected,6.00,0.1202
maquina,pratica,Undirected,2.00,0.0490
maquina,fabio,Undirected,3.00,0.0041
maquina,analise,Undirected,3.00,0.0659
maquina,brasil,Undirected,2.00,-0.0359
maquina,dado,Undirected,3.00,0.0146
maquina,sistemas,Undirected,2.00,0.0572
maquina,trajetoria,Undirected,3.00,0.0377
maquina,seguir,Undirected,2.00,-0.0421
maquina,censo,Undirected,2.00,0.0917
maquina,registros,Undirected,2.00,0.0153
maquina,pergunta,Undirected,3.00,0.0408
voz,rede,Undirected,6.00,0.1232
voz,porta,Undirected,68.00,0.8808
voz,trajetoria,Undirected,3.00,0.1324
voz,seguir,Undirected,10.00,0.2744
voz,partir,Undirected,2.00,0.0974
voz,entrevistas,Undirected,2.00,0.1576
voz,laboratorio,Undirected,2.00,0.0450
voz,condicao,Undirected,2.00,0.1765
voz,publico,Undirected,5.00,0.1206
voz,parte,Undirected,2.00,0.0878
voz,documentos,Undirected,4.00,0.3081
voz,pesquisa,Undirected,2.00,-0.0429
voz,fapesp,Undirected,2.00,0.0778
voz,torna,Undirected,2.00,0.1395
voz,bluetalks,Undirected,2.00,0.1214
voz,ponto,Undirected,2.00,0.1002
voz,ator,Undirected,2.00,0.0417
global,rede,Undirected,9.00,0.1833
global,pesquisa,Undirected,5.00,0.0646
global,universidade,Undirected,4.00,0.1553
global,brasileiro,Undirected,6.00,0.3450
global,escala,Undirected,9.00,0.3612
global,sistemas,Undirected,3.00,0.2013
global,relacao,Undirected,4.00,0.2784
global,cadeias,Undirected,5.00,0.3150
global,translacao,Undirected,3.00,0.2154
global,cadeia,Undirected,2.00,0.1660
global,empresa,Undirected,3.00,0.1191
publico,saude,Undirected,6.00,0.1217
publico,dado,Undirected,4.00,-0.0243
publico,fala,Undirected,3.00,0.0762
publico,universidade,Undirected,41.00,0.3618
publico,registros,Undirected,5.00,0.0536
publico,aberto,Undirected,5.00,0.1100
publico,modelo,Undirected,8.00,0.0180
publico,pesquisa,Undirected,16.00,0.0359
publico,analise,Undirected,2.00,-0.0498
publico,fabio,Undirected,6.00,0.0138
publico,pergunta,Undirected,2.00,-0.0738
publico,relacoes,Undirected,9.00,0.1961
publico,artificial,Undirected,3.00,-0.0407
publico,grupos,Undirected,2.00,0.0075
publico,novembro,Undirected,12.00,0.2907
publico,entrevistas,Undirected,4.00,0.0817
publico,porta,Undirected,6.00,0.1315
publico,relatorios,Undirected,6.00,0.1353
publico,laboratorio,Undirected,6.00,0.0085
publico,documentos,Undirected,5.00,0.1676
publico,fechamento,Undirected,3.00,0.0913
publico,ator,Undirected,7.00,0.0246
publico,desenvolvimento,Undirected,4.00,0.1147
publico,tecnologia,Undirected,5.00,-0.0447
publico,financiamento,Undirected,9.00,0.1399
publico,fapesp,Undirected,7.00,0.0665
publico,interesses,Undirected,2.00,0.0359
publico,ecossistema,Undirected,3.00,-0.0616
publico,conhecimento,Undirected,6.00,0.1116
publico,cadeia,Undirected,6.00,0.1462
publico,ponto,Undirected,3.00,-0.0144
publico,acordo,Undirected,12.00,0.2448
publico,informacao,Undirected,4.00,0.0538
publico,recursos,Undirected,9.00,0.1161
publico,posicao,Undirected,4.00,0.0755
publico,brasil,Undirected,3.00,-0.0621
publico,computacional,Undirected,2.00,0.0026
publico,dezembro,Undirected,5.00,0.0709
publico,investimento,Undirected,5.00,0.1050
publico,lado,Undirected,5.00,0.0992
publico,parte,Undirected,12.00,0.1578
empresa,brasil,Undirected,7.00,0.1111
empresa,objeto,Undirected,2.00,0.0743
empresa,pesquisa,Undirected,10.00,0.0457
empresa,ator,Undirected,3.00,-0.0110
empresa,modelo,Undirected,3.00,-0.0326
empresa,negocio,Undirected,9.00,0.2757
empresa,aberto,Undirected,2.00,0.0596
empresa,tecnologia,Undirected,8.00,0.0865
empresa,trajetoria,Undirected,7.00,0.1427
empresa,servicos,Undirected,6.00,0.2178
empresa,investigacao,Undirected,3.00,0.1361
empresa,artificial,Undirected,3.00,0.0239
empresa,dado,Undirected,3.00,0.0078
empresa,cartoes,Undirected,7.00,0.2526
empresa,watson,Undirected,2.00,0.0743
empresa,secao,Undirected,4.00,0.1455
empresa,laboratorio,Undirected,2.00,-0.0519
empresa,fapesp,Undirected,3.00,0.0268
empresa,vinculo,Undirected,3.00,0.1423
fabio,rede,Undirected,22.00,0.1669
fabio,seguir,Undirected,37.00,0.3736
fabio,pergunta,Undirected,3.00,0.0137
fabio,entrevistas,Undirected,30.00,0.4682
fabio,ator,Undirected,7.00,0.0735
fabio,campo,Undirected,7.00,0.1128
fabio,porta,Undirected,2.00,0.0367
fabio,sistemas,Undirected,2.00,0.0313
fabio,parte,Undirected,3.00,0.0169
fabio,fapesp,Undirected,2.00,-0.0386
fabio,pessoas,Undirected,7.00,0.2585
fabio,investigacao,Undirected,2.00,0.0658
fabio,informacao,Undirected,2.00,0.0155
fabio,agenda,Undirected,2.00,0.0919
fabio,pesquisa,Undirected,5.00,-0.0648
fabio,laboratorio,Undirected,2.00,-0.0714
fabio,relatorios,Undirected,2.00,0.0401
fabio,funcionamento,Undirected,2.00,0.0401
fabio,logica,Undirected,2.00,0.0548
escala,sistemas,Undirected,3.00,0.1694
escala,dado,Undirected,2.00,0.0292
escala,questao,Undirected,3.00,0.2056
escala,censo,Undirected,3.00,0.2056
escala,tabulacao,Undirected,3.00,0.1455
escala,industria,Undirected,15.00,0.4881
escala,parte,Undirected,2.00,0.0574
escala,objeto,Undirected,3.00,0.1941
escala,recursos,Undirected,2.00,0.0592
escala,tecnologia,Undirected,4.00,0.0686
escala,brasileiro,Undirected,2.00,0.1517
escala,expertise,Undirected,4.00,0.2534
escala,laboratorio,Undirected,2.00,0.0145
escala,pratica,Undirected,3.00,0.1609
escala,logica,Undirected,2.00,0.1407
escala,informacao,Undirected,3.00,0.1529
escala,cadeia,Undirected,3.00,0.1887
escala,ecossistema,Undirected,2.00,0.0246
unidos,cartoes,Undirected,2.00,0.2049
unidos,seguir,Undirected,2.00,0.0768
unidos,censo,Undirected,2.00,0.2106
unidos,ponto,Undirected,3.00,0.1813
unidos,trajetoria,Undirected,2.00,0.1102
unidos,universidade,Undirected,2.00,0.0955
unidos,brasil,Undirected,4.00,0.1725
unidos,informacao,Undirected,2.00,0.1603
ecossistemas,posicao,Undirected,2.00,0.1804
ecossistemas,inovacao,Undirected,12.00,0.4368
ecossistemas,artificial,Undirected,3.00,0.1550
ecossistemas,fala,Undirected,2.00,0.2150
ecossistemas,aberto,Undirected,3.00,0.2403
ecossistemas,valor,Undirected,6.00,0.3368
ecossistemas,questao,Undirected,2.00,0.2106
ecossistemas,recursos,Undirected,2.00,0.1181
ecossistemas,brasil,Undirected,2.00,0.0830
ecossistemas,multiplicacao,Undirected,3.00,0.2870
ecossistemas,desenvolvimento,Undirected,3.00,0.2735
ecossistemas,investigacao,Undirected,3.00,0.2672
ecossistemas,historica,Undirected,2.00,0.1849
ecossistemas,trajetoria,Undirected,3.00,0.1621
ecossistemas,modelo,Undirected,4.00,0.1363
ecossistemas,expertise,Undirected,2.00,0.2166
ecossistemas,pratica,Undirected,3.00,0.2225
ecossistemas,censo,Undirected,3.00,0.2672
elaboracao,logica,Undirected,3.00,0.2557
elaboracao,partir,Undirected,18.00,0.4855
elaboracao,relatorios,Undirected,20.00,0.5877
elaboracao,registros,Undirected,3.00,0.1873
elaboracao,secao,Undirected,3.00,0.2767
elaboracao,base,Undirected,21.00,0.6595
elaboracao,artificial,Undirected,2.00,0.1034
elaboracao,pesquisa,Undirected,8.00,0.1632
censo,disponivel,Undirected,2.00,0.2106
censo,tabulacao,Undirected,6.00,0.2980
censo,tecnociencia,Undirected,3.00,0.2485
censo,modelo,Undirected,2.00,0.0372
censo,tornou,Undirected,3.00,0.2375
censo,brasil,Undirected,2.00,0.0707
censo,cadeia,Undirected,3.00,0.2375
censo,grupos,Undirected,4.00,0.2799
censo,pesquisa,Undirected,4.00,0.0538
censo,obia,Undirected,2.00,0.2106
censo,partir,Undirected,3.00,0.1657
vinculo,obia,Undirected,6.00,0.3841
vinculo,campo,Undirected,2.00,0.0977
vinculo,modelo,Undirected,3.00,0.0920
vinculo,universidade,Undirected,3.00,0.1401
vinculo,laboratorio,Undirected,2.00,0.0671
vinculo,brasileiro,Undirected,3.00,0.2606
vinculo,informacao,Undirected,2.00,0.1540
vinculo,dado,Undirected,3.00,0.1324
vinculo,analise,Undirected,2.00,0.1309
datasets,modelo,Undirected,14.00,0.3535
datasets,computacional,Undirected,3.00,0.2596
datasets,propriedade,Undirected,2.00,0.2229
datasets,pesquisa,Undirected,2.00,-0.0007
datasets,recursos,Undirected,3.00,0.1848
datasets,fato,Undirected,2.00,0.2433
registros,investimento,Undirected,4.00,0.1820
registros,seguir,Undirected,11.00,0.1844
registros,ator,Undirected,5.00,0.0917
registros,tecnociencia,Undirected,2.00,0.1163
registros,capacidade,Undirected,4.00,0.2028
registros,partir,Undirected,6.00,0.1801
registros,relatorios,Undirected,5.00,0.2193
registros,campo,Undirected,6.00,0.1552
registros,entrevistas,Undirected,2.00,0.0974
registros,disponivel,Undirected,9.00,0.3595
registros,pesquisa,Undirected,10.00,0.0902
registros,fala,Undirected,2.00,0.1264
registros,registro,Undirected,3.00,0.1685
registros,escolha,Undirected,3.00,0.1943
pesquisa,analise,Undirected,5.00,0.0009
pesquisa,tecnicas,Undirected,4.00,0.0476
pesquisa,artificial,Undirected,10.00,0.0528
pesquisa,campo,Undirected,19.00,0.1526
pesquisa,inovacao,Undirected,6.00,0.0420
pesquisa,objeto,Undirected,7.00,0.1163
pesquisa,ator,Undirected,8.00,-0.0171
pesquisa,investigacao,Undirected,3.00,0.0188
pesquisa,historica,Undirected,2.00,-0.0525
pesquisa,ecossistema,Undirected,10.00,0.0285
pesquisa,modelo,Undirected,5.00,-0.0967
pesquisa,negocio,Undirected,2.00,-0.0478
pesquisa,laboratorio,Undirected,20.00,0.1203
pesquisa,pergunta,Undirected,16.00,0.1258
pesquisa,universidade,Undirected,9.00,0.0287
pesquisa,rede,Undirected,12.00,-0.0303
pesquisa,parte,Undirected,9.00,0.0535
pesquisa,tecnociencia,Undirected,7.00,0.1226
pesquisa,ponto,Undirected,9.00,0.0683
pesquisa,questao,Undirected,5.00,0.0826
pesquisa,cientista,Undirected,5.00,0.0892
pesquisa,saude,Undirected,9.00,0.0644
pesquisa,tecnologia,Undirected,7.00,-0.0620
pesquisa,empresas,Undirected,3.00,0.0250
pesquisa,fapesp,Undirected,10.00,0.0562
pesquisa,agenda,Undirected,13.00,0.2590
pesquisa,relacao,Undirected,4.00,0.0522
pesquisa,desenvolvimento,Undirected,13.00,0.2337
pesquisa,financiamento,Undirected,8.00,0.0629
pesquisa,latour,Undirected,8.00,0.0625
pesquisa,fato,Undirected,3.00,0.0386
pesquisa,sistemas,Undirected,2.00,-0.0613
pesquisa,brasil,Undirected,22.00,0.1493
pesquisa,trajetoria,Undirected,11.00,0.0748
pesquisa,posicao,Undirected,2.00,-0.0570
pesquisa,dezembro,Undirected,3.00,-0.0449
pesquisa,tornou,Undirected,3.00,0.0019
pesquisa,investimento,Undirected,6.00,0.0729
pesquisa,research,Undirected,4.00,0.0602
pesquisa,disponivel,Undirected,6.00,0.1213
pesquisa,fala,Undirected,3.00,0.0234
pesquisa,informacao,Undirected,2.00,-0.0771
pesquisa,condicao,Undirected,4.00,0.0476
pesquisa,partir,Undirected,2.00,-0.1115
pesquisa,industria,Undirected,4.00,0.0250
pesquisa,passagem,Undirected,3.00,0.0019
pesquisa,recursos,Undirected,2.00,-0.1193
pesquisa,grupos,Undirected,12.00,0.1926
pesquisa,torna,Undirected,5.00,0.0350
pesquisa,lado,Undirected,2.00,-0.0351
pesquisa,base,Undirected,4.00,0.0743
pesquisa,capacidade,Undirected,3.00,0.0072
pesquisa,fechamento,Undirected,2.00,-0.0078
pesquisa,acordo,Undirected,3.00,-0.0070
pesquisa,multiplicacao,Undirected,2.00,-0.0078
pesquisa,registro,Undirected,2.00,-0.0324
pesquisa,funcionamento,Undirected,3.00,-0.0082
grupos,pessoas,Undirected,4.00,0.3004
grupos,secao,Undirected,3.00,0.2470
grupos,universidade,Undirected,2.00,0.0671
grupos,tecnologia,Undirected,4.00,0.1016
grupos,mulheres,Undirected,2.00,0.2011
grupos,saude,Undirected,5.00,0.2730
grupos,investimento,Undirected,3.00,0.2058
fato,cadeias,Undirected,2.00,0.2173
fato,tecnociencia,Undirected,2.00,0.2116
fato,rede,Undirected,2.00,0.0223
fato,latour,Undirected,2.00,0.1598
fato,brasil,Undirected,3.00,0.1406
fato,research,Undirected,3.00,0.2804
fato,interesses,Undirected,3.00,0.2870
artificial,ecossistema,Undirected,11.00,0.1870
artificial,inovacao,Undirected,7.00,0.1993
artificial,modelo,Undirected,4.00,0.0070
artificial,secao,Undirected,3.00,0.1517
artificial,laboratorio,Undirected,5.00,0.0611
artificial,torna,Undirected,2.00,0.0484
artificial,lado,Undirected,2.00,0.0828
artificial,sistemas,Undirected,2.00,0.0566
artificial,saude,Undirected,6.00,0.1986
artificial,latour,Undirected,2.00,0.0337
artificial,brasileiro,Undirected,14.00,0.3890
artificial,tecnologia,Undirected,3.00,-0.0303
artificial,pergunta,Undirected,3.00,0.0402
artificial,brasil,Undirected,9.00,0.1550
artificial,partir,Undirected,3.00,0.0535
artificial,cadeias,Undirected,3.00,0.1422
artificial,obia,Undirected,15.00,0.4183
artificial,disponivel,Undirected,4.00,0.1947
artificial,research,Undirected,2.00,0.0971
artificial,multiplicacao,Undirected,3.00,0.1620
artificial,ponto,Undirected,2.00,0.0091
tecnicas,analise,Undirected,3.00,0.1716
tecnicas,khipu,Undirected,3.00,0.2411
tecnicas,passagem,Undirected,2.00,0.1765
tecnicas,desenvolvimento,Undirected,3.00,0.2547
tecnicas,sistemas,Undirected,2.00,0.1581
tecnicas,rede,Undirected,2.00,-0.0023
tecnicas,pratica,Undirected,3.00,0.2037
tecnicas,ecossistema,Undirected,2.00,0.0655
tecnicas,conhecimento,Undirected,4.00,0.2409
tecnicas,cartoes,Undirected,3.00,0.2426
tecnicas,relacoes,Undirected,2.00,0.1669
tecnicas,partir,Undirected,2.00,0.1079
lado,tecnologia,Undirected,2.00,0.0252
lado,sistemas,Undirected,5.00,0.2852
lado,tecnociencia,Undirected,5.00,0.2397
lado,analise,Undirected,3.00,0.1687
lado,cadeias,Undirected,3.00,0.1900
lado,financiamento,Undirected,2.00,0.1173
lado,empresas,Undirected,3.00,0.2519
lado,recursos,Undirected,3.00,0.1488
computacional,recursos,Undirected,4.00,0.1745
computacional,pratica,Undirected,4.00,0.2284
computacional,laboratorio,Undirected,2.00,0.0401
computacional,dado,Undirected,6.00,0.2001
computacional,tecnologia,Undirected,3.00,0.0599
computacional,mulheres,Undirected,5.00,0.3306
computacional,relacao,Undirected,2.00,0.1758
computacional,modelo,Undirected,2.00,0.0162
computacional,analise,Undirected,2.00,0.1038
computacional,capacidade,Undirected,3.00,0.2208
computacional,secao,Undirected,2.00,0.1864
computacional,expertise,Undirected,2.00,0.1832
computacional,fapesp,Undirected,2.00,0.0729
investigacao,historica,Undirected,24.00,0.6147
investigacao,relacao,Undirected,3.00,0.2529
investigacao,seguir,Undirected,4.00,0.1526
investigacao,disponivel,Undirected,3.00,0.2672
investigacao,partir,Undirected,2.00,0.1136
investigacao,questao,Undirected,6.00,0.3634
investigacao,tornou,Undirected,3.00,0.2375
investigacao,rede,Undirected,5.00,0.1160
investigacao,laboratorio,Undirected,3.00,0.1108
investigacao,pratica,Undirected,2.00,0.1556
ponto,tecnologia,Undirected,3.00,-0.0040
ponto,pergunta,Undirected,3.00,0.0665
ponto,rede,Undirected,5.00,0.0248
ponto,propriedade,Undirected,2.00,0.1149
ponto,empresas,Undirected,3.00,0.1748
ponto,passagem,Undirected,33.00,0.5919
ponto,financiamento,Undirected,3.00,0.0924
ponto,translacao,Undirected,4.00,0.1858
ponto,porta,Undirected,7.00,0.2613
ponto,interesses,Undirected,3.00,0.1813
ponto,questao,Undirected,3.00,0.1685
ponto,parte,Undirected,3.00,0.0697
ponto,posicao,Undirected,2.00,0.0861
ponto,brasil,Undirected,2.00,-0.0113
ponto,seguir,Undirected,2.00,-0.0175
ponto,latour,Undirected,4.00,0.1464
ponto,bluetalks,Undirected,2.00,0.0555
ponto,trajetoria,Undirected,5.00,0.1300
ponto,servicos,Undirected,3.00,0.1529
ponto,partir,Undirected,5.00,0.1474
watson,trajetoria,Undirected,2.00,0.0869
watson,cartoes,Undirected,2.00,0.1817
watson,fapesp,Undirected,4.00,0.1725
watson,tabulacao,Undirected,3.00,0.1827
watson,logica,Undirected,4.00,0.2736
watson,informacao,Undirected,2.00,0.1370
watson,sistemas,Undirected,6.00,0.3115
watson,pratica,Undirected,2.00,0.1446
watson,modelo,Undirected,10.00,0.2474
watson,ecossistema,Undirected,2.00,0.0601
watson,inovacao,Undirected,2.00,0.1299
watson,multiplicacao,Undirected,3.00,0.2627
empresas,tecnociencia,Undirected,2.00,0.1986
empresas,tecnologia,Undirected,11.00,0.2800
empresas,passagem,Undirected,2.00,0.1881
empresas,financiamento,Undirected,4.00,0.2252
empresas,ator,Undirected,2.00,0.0638
empresas,universidade,Undirected,4.00,0.1793
empresas,parte,Undirected,2.00,0.1099
empresas,recursos,Undirected,2.00,0.1118
research,logica,Undirected,6.00,0.3576
research,cientista,Undirected,6.00,0.3769
research,brasil,Undirected,33.00,0.5503
research,fechamento,Undirected,9.00,0.4662
research,novembro,Undirected,3.00,0.2735
research,modelo,Undirected,2.00,0.0432
research,laboratorio,Undirected,4.00,0.1553
research,investimento,Undirected,2.00,0.1741
universidade,rede,Undirected,5.00,-0.0120
universidade,questao,Undirected,3.00,0.1339
universidade,seguir,Undirected,2.00,-0.0506
universidade,pergunta,Undirected,5.00,0.0965
universidade,ecossistema,Undirected,8.00,0.0878
universidade,valor,Undirected,4.00,0.1343
universidade,tecnologia,Undirected,10.00,0.1165
universidade,cientista,Undirected,2.00,0.0892
universidade,ator,Undirected,5.00,0.0486
universidade,agencia,Undirected,3.00,0.1612
universidade,industria,Undirected,8.00,0.2856
universidade,latour,Undirected,2.00,0.0258
universidade,laboratorio,Undirected,5.00,0.0523
universidade,brasil,Undirected,7.00,0.1087
universidade,acordo,Undirected,4.00,0.1462
universidade,desenvolvimento,Undirected,3.00,0.1401
universidade,inovacao,Undirected,2.00,0.0258
universidade,modelo,Undirected,4.00,-0.0016
universidade,relacoes,Undirected,3.00,0.1070
universidade,financiamento,Undirected,2.00,0.0105
universidade,relacao,Undirected,3.00,0.1324
universidade,software,Undirected,2.00,0.0776
universidade,porta,Undirected,2.00,0.0541
universidade,conjunto,Undirected,2.00,0.0892
ator,objeto,Undirected,7.00,0.2145
ator,rede,Undirected,42.00,0.2985
ator,seguir,Undirected,32.00,0.3170
ator,humano,Undirected,23.00,0.3375
ator,sistemas,Undirected,2.00,0.0233
ator,cientista,Undirected,3.00,0.1135
ator,trajetoria,Undirected,2.00,-0.0425
ator,historica,Undirected,3.00,0.0804
ator,questao,Undirected,2.00,0.0578
ator,translacao,Undirected,2.00,0.0368
ator,cadeia,Undirected,3.00,0.0904
ator,agencia,Undirected,9.00,0.2992
ator,latour,Undirected,6.00,0.1382
ator,acao,Undirected,3.00,0.1135
ator,bluetalks,Undirected,3.00,0.0436
ator,ecossistema,Undirected,2.00,-0.0693
ator,interesses,Undirected,3.00,0.1201
ator,base,Undirected,2.00,0.0768
ator,acordo,Undirected,3.00,0.0816
ator,informacao,Undirected,2.00,0.0075
ator,porta,Undirected,2.00,0.0287
porta,rede,Undirected,7.00,0.1302
porta,trajetoria,Undirected,2.00,0.0688
porta,interesses,Undirected,2.00,0.1815
porta,fala,Undirected,2.00,0.1736
porta,seguir,Undirected,15.00,0.3309
porta,partir,Undirected,3.00,0.1352
porta,novembro,Undirected,2.00,0.1815
porta,entrevistas,Undirected,3.00,0.1982
porta,latour,Undirected,4.00,0.2037
porta,passagem,Undirected,2.00,0.1531
porta,conhecimento,Undirected,2.00,0.1226
porta,condicao,Undirected,3.00,0.2180
porta,documentos,Undirected,2.00,0.1953
porta,financiamento,Undirected,2.00,0.0965
porta,fapesp,Undirected,3.00,0.1146
porta,bluetalks,Undirected,4.00,0.2000
documentos,relatorios,Undirected,3.00,0.2547
documentos,acordo,Undirected,6.00,0.3651
documentos,conjunto,Undirected,4.00,0.3321
documentos,fapesp,Undirected,3.00,0.1724
documentos,seguir,Undirected,3.00,0.1416
documentos,entrevistas,Undirected,3.00,0.2559
documentos,partir,Undirected,3.00,0.1929
documentos,modelo,Undirected,5.00,0.1827
rede,trajetoria,Undirected,9.00,0.0823
rede,seguir,Undirected,9.00,0.0423
rede,pessoas,Undirected,3.00,0.0701
rede,latour,Undirected,3.00,-0.0099
rede,objeto,Undirected,3.00,0.0387
rede,relacao,Undirected,4.00,0.0848
rede,pergunta,Undirected,6.00,0.0307
rede,historica,Undirected,3.00,0.0233
rede,servicos,Undirected,2.00,-0.0115
rede,propriedade,Undirected,2.00,0.0019
rede,cientista,Undirected,3.00,0.0565
rede,partir,Undirected,9.00,0.1011
rede,analise,Undirected,4.00,0.0068
rede,translacao,Undirected,9.00,0.1774
rede,humano,Undirected,10.00,0.1402
rede,agencia,Undirected,5.00,0.1450
rede,desenvolvimento,Undirected,3.00,0.0565
rede,sistemas,Undirected,3.00,0.0141
rede,interesses,Undirected,2.00,0.0156
rede,parte,Undirected,6.00,0.0341
rede,posicao,Undirected,3.00,0.0186
rede,conhecimento,Undirected,3.00,0.0015
rede,escolha,Undirected,2.00,0.0223
rede,acao,Undirected,3.00,0.0565
rede,bluetalks,Undirected,4.00,0.0205
rede,cadeias,Undirected,4.00,0.0863
rede,brasileiro,Undirected,3.00,0.0503
rede,dezembro,Undirected,2.00,-0.0575
mulheres,humano,Undirected,4.00,0.2615
mulheres,registro,Undirected,2.00,0.2116
mulheres,tabulacao,Undirected,2.00,0.1598
mulheres,relacao,Undirected,3.00,0.2727
mulheres,movimento,Undirected,2.00,0.2158
mulheres,trajetoria,Undirected,3.00,0.1691
analise,objeto,Undirected,2.00,0.1139
analise,posicao,Undirected,2.00,0.0947
analise,movimento,Undirected,5.00,0.2496
analise,latour,Undirected,2.00,0.0675
analise,tabulacao,Undirected,2.00,0.0675
analise,foucault,Undirected,3.00,0.2048
analise,relatorios,Undirected,2.00,0.0992
analise,bluetalks,Undirected,3.00,0.1138
analise,campo,Undirected,3.00,0.0659
analise,torna,Undirected,2.00,0.0822
analise,obia,Undirected,2.00,0.1372
analise,dezembro,Undirected,3.00,0.1138
analise,secao,Undirected,2.00,0.1340
analise,pessoas,Undirected,3.00,0.1973
modelo,ecossistema,Undirected,2.00,-0.0900
modelo,negocio,Undirected,27.00,0.4248
modelo,aberto,Undirected,8.00,0.1938
modelo,tecnologia,Undirected,5.00,-0.0296
modelo,parte,Undirected,3.00,-0.0131
modelo,fapesp,Undirected,4.00,0.0100
modelo,dado,Undirected,15.00,0.1758
modelo,torna,Undirected,6.00,0.1315
modelo,seguir,Undirected,3.00,-0.0544
modelo,laboratorio,Undirected,5.00,0.0011
modelo,sistemas,Undirected,2.00,0.0026
modelo,desenvolvimento,Undirected,4.00,0.1294
modelo,servicos,Undirected,4.00,0.1069
modelo,logica,Undirected,7.00,0.1905
modelo,investimento,Undirected,6.00,0.1457
modelo,trajetoria,Undirected,2.00,-0.0632
modelo,secao,Undirected,2.00,0.0463
modelo,valor,Undirected,3.00,0.0484
modelo,software,Undirected,3.00,0.0798
modelo,expertise,Undirected,2.00,0.0432
modelo,acordo,Undirected,6.00,0.1521
modelo,inovacao,Undirected,3.00,0.0256
modelo,multiplicacao,Undirected,2.00,0.0561
modelo,fala,Undirected,2.00,0.0416
modelo,posicao,Undirected,2.00,0.0070
acordo,trajetoria,Undirected,5.00,0.1939
acordo,fapesp,Undirected,23.00,0.4534
acordo,relatorios,Undirected,6.00,0.3061
acordo,conjunto,Undirected,3.00,0.2349
acordo,base,Undirected,3.00,0.2485
acordo,funcionamento,Undirected,3.00,0.2017
acordo,capacidade,Undirected,2.00,0.1627
pratica,historica,Undirected,4.00,0.2233
pratica,tecnociencia,Undirected,9.00,0.3784
pratica,cartoes,Undirected,2.00,0.1500
pratica,registro,Undirected,2.00,0.1500
pratica,funcionamento,Undirected,2.00,0.1299
pratica,conjunto,Undirected,2.00,0.1616
pratica,expertise,Undirected,3.00,0.2159
pratica,objeto,Undirected,2.00,0.1446
logica,bluetalks,Undirected,2.00,0.1265
logica,negocio,Undirected,3.00,0.2208
logica,ecossistema,Undirected,8.00,0.2513
logica,inovacao,Undirected,3.00,0.1827
logica,relacoes,Undirected,2.00,0.1616
logica,funcionamento,Undirected,2.00,0.1616
multiplicacao,dezembro,Undirected,3.00,0.2105
multiplicacao,tecnologia,Undirected,3.00,0.1017
multiplicacao,trajetoria,Undirected,2.00,0.1169
multiplicacao,inovacao,Undirected,3.00,0.2141
multiplicacao,registro,Undirected,3.00,0.2683
movimento,trajetoria,Undirected,2.00,0.0965
movimento,campo,Undirected,3.00,0.1413
movimento,laboratorio,Undirected,3.00,0.1092
movimento,registro,Undirected,4.00,0.2898
movimento,dezembro,Undirected,2.00,0.1361
recursos,financiamento,Undirected,7.00,0.1986
recursos,laboratorio,Undirected,4.00,0.0487
recursos,latour,Undirected,2.00,0.0484
recursos,inovacao,Undirected,3.00,0.0974
recursos,capacidade,Undirected,5.00,0.2177
recursos,tecnologia,Undirected,3.00,-0.0149
recursos,software,Undirected,3.00,0.1516
recursos,campo,Undirected,2.00,-0.0008
recursos,expertise,Undirected,3.00,0.1638
recursos,fapesp,Undirected,14.00,0.2747
recursos,informacao,Undirected,3.00,0.1048
recursos,dado,Undirected,3.00,0.0293
recursos,novembro,Undirected,2.00,0.1181
recursos,relacoes,Undirected,2.00,0.0801
investimento,tecnologia,Undirected,3.00,0.0503
investimento,inovacao,Undirected,2.00,0.1107
investimento,ecossistema,Undirected,3.00,0.0896
investimento,aberto,Undirected,2.00,0.1424
investimento,industria,Undirected,3.00,0.2290
investimento,brasileiro,Undirected,2.00,0.1681
translacao,cadeia,Undirected,6.00,0.3211
translacao,passagem,Undirected,7.00,0.3471
translacao,cadeias,Undirected,15.00,0.5133
translacao,brasileiro,Undirected,2.00,0.1773
passagem,financiamento,Undirected,4.00,0.2012
passagem,interesses,Undirected,2.00,0.1944
passagem,disponivel,Undirected,2.00,0.1944
passagem,relacao,Undirected,2.00,0.1807
passagem,brasil,Undirected,2.00,0.0546
passagem,ecossistema,Undirected,3.00,0.1044
objeto,seguir,Undirected,3.00,0.1028
objeto,latour,Undirected,3.00,0.1827
objeto,cadeia,Undirected,5.00,0.3027
objeto,conhecimento,Undirected,3.00,0.1941
objeto,acao,Undirected,7.00,0.3844
objeto,khipu,Undirected,3.00,0.2355
objeto,industria,Undirected,2.00,0.1933
objeto,humano,Undirected,3.00,0.1883
objeto,relacoes,Undirected,2.00,0.1616
industria,conhecimento,Undirected,2.00,0.1577
industria,tecnologia,Undirected,12.00,0.2953
industria,parte,Undirected,3.00,0.1618
industria,informacao,Undirected,2.00,0.1540
industria,campo,Undirected,3.00,0.1490
industria,saude,Undirected,4.00,0.2631
capacidade,laboratorio,Undirected,7.00,0.2183
capacidade,registro,Undirected,2.00,0.1817
capacidade,tecnologia,Undirected,3.00,0.0704
capacidade,fechamento,Undirected,2.00,0.2062
escolha,seguir,Undirected,7.00,0.2570
escolha,conjunto,Undirected,2.00,0.2232
escolha,relatorios,Undirected,3.00,0.2473
escolha,pessoas,Undirected,3.00,0.2940
escolha,ecossistema,Undirected,3.00,0.1411
valor,cadeias,Undirected,5.00,0.2933
valor,tecnologia,Undirected,8.00,0.1779
valor,negocio,Undirected,2.00,0.1417
valor,partir,Undirected,2.00,0.0780
valor,inovacao,Undirected,4.00,0.1967
valor,ecossistema,Undirected,6.00,0.1519
servicos,trajetoria,Undirected,3.00,0.1337
servicos,interesses,Undirected,2.00,0.1957
servicos,inovacao,Undirected,4.00,0.2191
servicos,propriedade,Undirected,4.00,0.2373
servicos,parte,Undirected,2.00,0.0891
tornou,registro,Undirected,3.00,0.2316
tornou,condicao,Undirected,6.00,0.3386
tornou,historica,Undirected,5.00,0.2863
tornou,cientista,Undirected,2.00,0.1881
tornou,novembro,Undirected,2.00,0.1944
tornou,dezembro,Undirected,4.00,0.2141
tornou,tecnologia,Undirected,3.00,0.0650
tornou,campo,Undirected,3.00,0.1259
tornou,funcionamento,Undirected,2.00,0.1564
brasil,saude,Undirected,3.00,0.0813
brasil,laboratorio,Undirected,22.00,0.2687
brasil,parte,Undirected,6.00,0.1108
brasil,trajetoria,Undirected,4.00,0.0506
brasil,brasileiro,Undirected,3.00,0.1208
brasil,novembro,Undirected,12.00,0.3494
brasil,dezembro,Undirected,5.00,0.1233
brasil,ecossistema,Undirected,5.00,0.0495
brasil,cientista,Undirected,3.00,0.1270
brasil,fechamento,Undirected,5.00,0.2120
brasil,tabulacao,Undirected,3.00,0.0607
brasil,software,Undirected,3.00,0.1149
brasil,funcionamento,Undirected,3.00,0.0938
brasil,informacao,Undirected,2.00,0.0204
brasil,tecnologia,Undirected,9.00,0.0859
brasil,registro,Undirected,4.00,0.1531
brasil,pergunta,Undirected,2.00,-0.0267
registro,trajetoria,Undirected,4.00,0.1826
registro,conhecimento,Undirected,2.00,0.1461
registro,fapesp,Undirected,2.00,0.0883
registro,laboratorio,Undirected,2.00,0.0555
registro,dezembro,Undirected,3.00,0.1848
sistemas,humano,Undirected,3.00,0.1636
sistemas,khipu,Undirected,2.00,0.1568
sistemas,desenvolvimento,Undirected,3.00,0.2244
sistemas,tecnologia,Undirected,6.00,0.1366
sistemas,tabulacao,Undirected,6.00,0.2587
sistemas,expertise,Undirected,2.00,0.1697
sistemas,conhecimento,Undirected,2.00,0.1172
brasileiro,fechamento,Undirected,4.00,0.3179
brasileiro,laboratorio,Undirected,12.00,0.3222
brasileiro,trajetoria,Undirected,4.00,0.1888
brasileiro,cadeias,Undirected,4.00,0.2974
brasileiro,obia,Undirected,5.00,0.3466
brasileiro,fapesp,Undirected,2.00,0.0939
laboratorio,pergunta,Undirected,3.00,0.0088
laboratorio,cientista,Undirected,8.00,0.2380
laboratorio,secao,Undirected,2.00,0.0702
laboratorio,questao,Undirected,2.00,0.0611
laboratorio,campo,Undirected,2.00,-0.0455
laboratorio,fapesp,Undirected,2.00,-0.0433
laboratorio,latour,Undirected,5.00,0.1164
laboratorio,pessoas,Undirected,6.00,0.2014
laboratorio,fechamento,Undirected,17.00,0.4134
laboratorio,novembro,Undirected,11.00,0.3217
laboratorio,tecnologia,Undirected,2.00,-0.1036
laboratorio,dezembro,Undirected,5.00,0.1126
negocio,partir,Undirected,3.00,0.1436
negocio,aberto,Undirected,4.00,0.2468
negocio,relacoes,Undirected,2.00,0.1515
negocio,software,Undirected,3.00,0.2264
negocio,relatorios,Undirected,3.00,0.2054
negocio,conhecimento,Undirected,2.00,0.1307
latour,pessoas,Undirected,6.00,0.3196
latour,acao,Undirected,7.00,0.3305
latour,seguir,Undirected,4.00,0.0904
latour,humano,Undirected,2.00,0.0887
latour,pergunta,Undirected,3.00,0.0923
latour,tecnociencia,Undirected,2.00,0.1352
latour,cientista,Undirected,2.00,0.1469
latour,campo,Undirected,2.00,0.0343
latour,interesses,Undirected,3.00,0.2071
obia,parte,Undirected,4.00,0.2085
obia,campo,Undirected,7.00,0.2808
obia,dezembro,Undirected,5.00,0.2789
obia,disponivel,Undirected,6.00,0.3913
obia,partir,Undirected,3.00,0.1785
bluetalks,fala,Undirected,5.00,0.2702
bluetalks,pergunta,Undirected,7.00,0.2066
bluetalks,agencia,Undirected,9.00,0.3947
bluetalks,ecossistema,Undirected,7.00,0.1721
bluetalks,tecnologia,Undirected,2.00,-0.0273
bluetalks,cadeia,Undirected,2.00,0.1214
bluetalks,relatorios,Undirected,3.00,0.1638
bluetalks,campo,Undirected,3.00,0.0791
bluetalks,questao,Undirected,2.00,0.1375
relacoes,partir,Undirected,3.00,0.1387
relacoes,torna,Undirected,2.00,0.1299
relacoes,tecnologia,Undirected,3.00,0.0550
relacoes,conhecimento,Undirected,2.00,0.1260
relacoes,cadeia,Undirected,4.00,0.2521
relacoes,cartoes,Undirected,3.00,0.2215
relacoes,expertise,Undirected,2.00,0.1786
disponivel,partir,Undirected,2.00,0.1258
disponivel,seguir,Undirected,2.00,0.0768
disponivel,agencia,Undirected,3.00,0.2945
posicao,parte,Undirected,8.00,0.2673
posicao,pessoas,Undirected,3.00,0.2426
posicao,torna,Undirected,2.00,0.1254
seguir,acao,Undirected,3.00,0.1205
seguir,cientista,Undirected,10.00,0.3012
seguir,tecnociencia,Undirected,4.00,0.1464
seguir,trajetoria,Undirected,10.00,0.1720
seguir,historica,Undirected,4.00,0.1247
seguir,entrevistas,Undirected,3.00,0.0886
seguir,campo,Undirected,4.00,0.0371
seguir,questao,Undirected,2.00,0.0645
seguir,partir,Undirected,3.00,0.0256
seguir,pessoas,Undirected,3.00,0.1341
seguir,desenvolvimento,Undirected,2.00,0.0705
seguir,ecossistema,Undirected,3.00,-0.0188
seguir,funcionamento,Undirected,2.00,0.0388
fala,questao,Undirected,2.00,0.2028
fala,aberto,Undirected,3.00,0.2321
fala,pergunta,Undirected,2.00,0.1053
fala,dado,Undirected,2.00,0.0803
fala,ecossistema,Undirected,3.00,0.1259
fala,trajetoria,Undirected,13.00,0.3214
fala,partir,Undirected,2.00,0.1180
fala,dezembro,Undirected,2.00,0.1419
expertise,software,Undirected,6.00,0.3637
expertise,ecossistema,Undirected,2.00,0.0771
expertise,dado,Undirected,2.00,0.0818
expertise,conjunto,Undirected,3.00,0.2669
foucault,trajetoria,Undirected,3.00,0.1766
foucault,historica,Undirected,3.00,0.2547
foucault,condicao,Undirected,7.00,0.4139
foucault,partir,Undirected,3.00,0.1929
relacao,torna,Undirected,2.00,0.1542
relacao,historica,Undirected,2.00,0.1712
relacao,agenda,Undirected,2.00,0.2229
relacao,campo,Undirected,2.00,0.0903
humano,acao,Undirected,11.00,0.3810
humano,agencia,Undirected,7.00,0.3600
humano,conhecimento,Undirected,2.00,0.0996
acao,cientista,Undirected,2.00,0.2103
acao,conhecimento,Undirected,3.00,0.2118
acao,agencia,Undirected,2.00,0.2303
acao,campo,Undirected,3.00,0.1490
acao,cadeias,Undirected,2.00,0.2043
financiamento,propriedade,Undirected,6.00,0.2790
financiamento,interesses,Undirected,2.00,0.1379
financiamento,saude,Undirected,3.00,0.1388
financiamento,fapesp,Undirected,9.00,0.2241
financiamento,inovacao,Undirected,3.00,0.1182
financiamento,tecnologia,Undirected,3.00,0.0058
financiamento,funcionamento,Undirected,3.00,0.1513
financiamento,partir,Undirected,2.00,0.0409
aberto,questao,Undirected,3.00,0.2274
aberto,torna,Undirected,2.00,0.1299
aberto,inovacao,Undirected,2.00,0.1152
aberto,parte,Undirected,2.00,0.0782
aberto,desenvolvimento,Undirected,3.00,0.2337
aberto,dado,Undirected,3.00,0.0992
condicao,partir,Undirected,2.00,0.1079
condicao,pessoas,Undirected,3.00,0.2683
condicao,parte,Undirected,6.00,0.2496
condicao,conhecimento,Undirected,3.00,0.1997
condicao,funcionamento,Undirected,15.00,0.5000
condicao,fapesp,Undirected,3.00,0.1392
condicao,cadeias,Undirected,3.00,0.2485
desenvolvimento,parte,Undirected,4.00,0.2017
desenvolvimento,tecnologia,Undirected,12.00,0.2953
desenvolvimento,conhecimento,Undirected,2.00,0.1577
desenvolvimento,torna,Undirected,3.00,0.2159
tecnociencia,cartoes,Undirected,3.00,0.2426
tecnociencia,trajetoria,Undirected,3.00,0.1434
fapesp,trajetoria,Undirected,2.00,-0.0064
fapesp,parte,Undirected,2.00,-0.0004
fapesp,relatorios,Undirected,5.00,0.1882
fapesp,saude,Undirected,6.00,0.2017
fapesp,ecossistema,Undirected,3.00,0.0120
fapesp,informacao,Undirected,4.00,0.1299
fapesp,funcionamento,Undirected,6.00,0.2153
fapesp,base,Undirected,3.00,0.1649
cadeia,secao,Undirected,2.00,0.1912
cadeia,historica,Undirected,6.00,0.3157
cadeia,torna,Undirected,2.00,0.1395
cadeia,cientista,Undirected,3.00,0.2437
pergunta,cientista,Undirected,2.00,0.1069
pergunta,campo,Undirected,6.00,0.1312
pergunta,historica,Undirected,8.00,0.2690
pergunta,ecossistema,Undirected,2.00,-0.0263
pergunta,partir,Undirected,5.00,0.1303
pergunta,tabulacao,Undirected,3.00,0.0923
pergunta,conjunto,Undirected,2.00,0.1069
pergunta,questao,Undirected,4.00,0.1919
pergunta,trajetoria,Undirected,3.00,0.0473
pergunta,cadeias,Undirected,2.00,0.1009
pergunta,interesses,Undirected,2.00,0.1132
pergunta,torna,Undirected,3.00,0.1077
software,tecnologia,Undirected,2.00,0.0279
software,conhecimento,Undirected,2.00,0.1461
campo,partir,Undirected,7.00,0.1682
campo,conjunto,Undirected,2.00,0.0977
campo,saude,Undirected,2.00,0.0540
campo,relatorios,Undirected,3.00,0.1158
campo,entrevistas,Undirected,6.00,0.2141
campo,historica,Undirected,2.00,0.0660
campo,dado,Undirected,2.00,-0.0308
campo,torna,Undirected,3.00,0.0981
pessoas,funcionamento,Undirected,2.00,0.1915
relatorios,entrevistas,Undirected,6.00,0.3061
relatorios,partir,Undirected,12.00,0.3555
relatorios,informacao,Undirected,4.00,0.2151
relatorios,base,Undirected,18.00,0.5722
relatorios,funcionamento,Undirected,2.00,0.1469
cadeias,parte,Undirected,5.00,0.2279
cadeias,questao,Undirected,2.00,0.1983
cadeias,funcionamento,Undirected,2.00,0.1726
interesses,saude,Undirected,2.00,0.1729
interesses,torna,Undirected,2.00,0.1679
interesses,dado,Undirected,2.00,0.0881
ecossistema,inovacao,Undirected,31.00,0.4449
ecossistema,historica,Undirected,5.00,0.1628
ecossistema,cartoes,Undirected,2.00,0.0655
ecossistema,torna,Undirected,2.00,0.0284
trajetoria,inovacao,Undirected,8.00,0.2281
trajetoria,historica,Undirected,11.00,0.3202
trajetoria,partir,Undirected,4.00,0.0970
trajetoria,propriedade,Undirected,2.00,0.0965
trajetoria,tecnologia,Undirected,3.00,-0.0232
trajetoria,tabulacao,Undirected,4.00,0.1266
trajetoria,secao,Undirected,6.00,0.1986
inovacao,tecnologia,Undirected,6.00,0.1106
inovacao,historica,Undirected,3.00,0.1673
inovacao,questao,Undirected,3.00,0.1943
saude,tecnologia,Undirected,6.00,0.0782
saude,informacao,Undirected,5.00,0.2021
saude,parte,Undirected,3.00,0.1161
propriedade,partir,Undirected,2.00,0.1121
propriedade,tecnologia,Undirected,2.00,0.0321
conhecimento,dado,Undirected,9.00,0.2337
conhecimento,tecnologia,Undirected,2.00,-0.0130
conhecimento,torna,Undirected,2.00,0.1090
dado,partir,Undirected,3.00,0.0374
dado,tabulacao,Undirected,3.00,0.0660
dado,parte,Undirected,4.00,0.0626
dado,novembro,Undirected,3.00,0.1390
dado,torna,Undirected,2.00,0.0331
torna,historica,Undirected,3.00,0.1827
torna,parte,Undirected,3.00,0.1108
partir,secao,Undirected,2.00,0.1227
partir,fechamento,Undirected,2.00,0.1325
partir,entrevistas,Undirected,2.00,0.0890
tabulacao,historica,Undirected,3.00,0.1673
tabulacao,cartoes,Undirected,6.00,0.2916
tabulacao,secao,Undirected,2.00,0.1500
tabulacao,tecnologia,Undirected,8.00,0.1521
informacao,funcionamento,Undirected,3.00,0.1748
entrevistas,novembro,Undirected,3.00,0.2415
entrevistas,historica,Undirected,3.00,0.2017
khipu,parte,Undirected,3.00,0.1482
historica,questao,Undirected,2.00,0.1726
conjunto,tecnologia,Undirected,3.00,0.0882
conjunto,questao,Undirected,3.00,0.2606
questao,cientista,Undirected,4.00,0.3039
questao,parte,Undirected,2.00,0.1039
funcionamento,parte,Undirected,2.00,0.0782
parte,dezembro,Undirected,3.00,0.0919
parte,novembro,Undirected,3.00,0.1684
dezembro,novembro,Undirected,18.00,0.5171
fechamento,novembro,Undirected,3.00,0.2870
cientista,secao,Undirected,3.00,0.2701
